constant,permission,description,protectionLevel,added,records
"READ_ACTIVE_CALORIES_BURNED","android.permission.health.READ_ACTIVE_CALORIES_BURNED","Allows an application to read the user's active calories burned data.","dangerous","Added in API level 34 Also in U Extensions 7","ActiveCaloriesBurnedRecord"
"READ_ACTIVITY_INTENSITY","android.permission.health.READ_ACTIVITY_INTENSITY","Allows an application to read the user's activity intensity data.","dangerous","Added in API level 36 Also in U Extensions 16","ActivityIntensityRecord"
"READ_ALCOHOL_CONSUMPTION","android.permission.health.READ_ALCOHOL_CONSUMPTION","Allows an application to write user's alcohol consumption data.","dangerous","Added in API level 37 Also in U Extensions 21",
"READ_BASAL_BODY_TEMPERATURE","android.permission.health.READ_BASAL_BODY_TEMPERATURE","Allows an application to read the user's body temperature data.","dangerous","Added in API level 34 Also in U Extensions 7","BasalBodyTemperatureRecord"
"READ_BASAL_METABOLIC_RATE","android.permission.health.READ_BASAL_METABOLIC_RATE","Allows an application to read the user's basal metabolic rate data.","dangerous","Added in API level 34 Also in U Extensions 7","BasalMetabolicRateRecord"
"READ_BLOOD_GLUCOSE","android.permission.health.READ_BLOOD_GLUCOSE","Allows an application to read the user's blood glucose data.","dangerous","Added in API level 34 Also in U Extensions 7","BloodGlucoseRecord"
"READ_BLOOD_PRESSURE","android.permission.health.READ_BLOOD_PRESSURE","Allows an application to read the user's blood pressure data.","dangerous","Added in API level 34 Also in U Extensions 7","BloodPressureRecord"
"READ_BODY_FAT","android.permission.health.READ_BODY_FAT","Allows an application to read the user's body fat data.","dangerous","Added in API level 34 Also in U Extensions 7","BodyFatRecord"
"READ_BODY_TEMPERATURE","android.permission.health.READ_BODY_TEMPERATURE","Allows an application to read the user's body temperature data.","dangerous","Added in API level 34 Also in U Extensions 7","BodyTemperatureRecord"
"READ_BODY_WATER_MASS","android.permission.health.READ_BODY_WATER_MASS","Allows an application to read the user's body water mass data.","dangerous","Added in API level 34 Also in U Extensions 7","BodyWaterMassRecord"
"READ_BONE_MASS","android.permission.health.READ_BONE_MASS","Allows an application to read the user's bone mass data.","dangerous","Added in API level 34 Also in U Extensions 7","BoneMassRecord"
"READ_CERVICAL_MUCUS","android.permission.health.READ_CERVICAL_MUCUS","Allows an application to read the user's cervical mucus data.","dangerous","Added in API level 34 Also in U Extensions 7","CervicalMucusRecord"
"READ_DISTANCE","android.permission.health.READ_DISTANCE","Allows an application to read the user's distance data.","dangerous","Added in API level 34 Also in U Extensions 7","DistanceRecord"
"READ_ELEVATION_GAINED","android.permission.health.READ_ELEVATION_GAINED","Allows an application to read the user's elevation gained data.","dangerous","Added in API level 34 Also in U Extensions 7","ElevationGainedRecord"
"READ_EXERCISE","android.permission.health.READ_EXERCISE","Allows an application to read the user's exercise data.","dangerous","Added in API level 34 Also in U Extensions 7","CyclingPedalingCadenceRecord; ExerciseSessionRecord"
"READ_EXERCISE_ROUTES","android.permission.health.READ_EXERCISE_ROUTES","Allows an application to read ExerciseRoute. This permission can only be granted manually by a user in Health Connect settings or in the route request activity which can be launched using ERROR(/ACTION_REQUEST_EXERCISE_ROUTE). Attempts to request the permission by applications will be ignored. Applications should check if the permission has been granted before reading ExerciseRoute.","dangerous","Added in API level 35 Also in U Extensions 12",
"READ_FLOORS_CLIMBED","android.permission.health.READ_FLOORS_CLIMBED","Allows an application to read the user's floors climbed data.","dangerous","Added in API level 34 Also in U Extensions 7","FloorsClimbedRecord"
"READ_HEALTH_DATA_HISTORY","android.permission.health.READ_HEALTH_DATA_HISTORY","Allows an application to read the entire history of health data (of any type).","dangerous","Added in API level 35 Also in U Extensions 13",
"READ_HEALTH_DATA_IN_BACKGROUND","android.permission.health.READ_HEALTH_DATA_IN_BACKGROUND","Allows an application to read health data (of any type) in background.","dangerous","Added in API level 35 Also in U Extensions 13",
"READ_HEART_RATE","android.permission.health.READ_HEART_RATE","Allows an application to read the user's heart rate data.","dangerous","Added in API level 34 Also in U Extensions 7","HeartRateRecord"
"READ_HEART_RATE_VARIABILITY","android.permission.health.READ_HEART_RATE_VARIABILITY","Allows an application to read the user's heart rate variability data.","dangerous","Added in API level 34 Also in U Extensions 7","HeartRateVariabilityRmssdRecord"
"READ_HEIGHT","android.permission.health.READ_HEIGHT","Allows an application to read the user's height data.","dangerous","Added in API level 34 Also in U Extensions 7","HeightRecord"
"READ_HYDRATION","android.permission.health.READ_HYDRATION","Allows an application to read the user's hydration data.","dangerous","Added in API level 34 Also in U Extensions 7","HydrationRecord"
"READ_INTERMENSTRUAL_BLEEDING","android.permission.health.READ_INTERMENSTRUAL_BLEEDING","Allows an application to read the user's intermenstrual bleeding data.","dangerous","Added in API level 34 Also in U Extensions 7","IntermenstrualBleedingRecord"
"READ_LEAN_BODY_MASS","android.permission.health.READ_LEAN_BODY_MASS","Allows an application to read the user's lean body mass data.","dangerous","Added in API level 34 Also in U Extensions 7","LeanBodyMassRecord"
"READ_MEDICAL_DATA_ALLERGIES_INTOLERANCES","android.permission.health.READ_MEDICAL_DATA_ALLERGIES_INTOLERANCES","Allows an application to read the user's data about allergies and intolerances.","dangerous","Added in API level 36 Also in U Extensions 16",
"READ_MEDICAL_DATA_CONDITIONS","android.permission.health.READ_MEDICAL_DATA_CONDITIONS","Allows an application to read the user's data about medical conditions.","dangerous","Added in API level 36 Also in U Extensions 16",
"READ_MEDICAL_DATA_LABORATORY_RESULTS","android.permission.health.READ_MEDICAL_DATA_LABORATORY_RESULTS","Allows an application to read the user's laboratory result data.","dangerous","Added in API level 36 Also in U Extensions 16",
"READ_MEDICAL_DATA_MEDICATIONS","android.permission.health.READ_MEDICAL_DATA_MEDICATIONS","Allows an application to read the user's medication data.","dangerous","Added in API level 36 Also in U Extensions 16",
"READ_MEDICAL_DATA_PERSONAL_DETAILS","android.permission.health.READ_MEDICAL_DATA_PERSONAL_DETAILS","Allows an application to read the user's personal details. This is demographic information such as name, date of birth, contact details like address or telephone number and so on. For more examples see the FHIR Patient resource.","dangerous","Added in API level 36 Also in U Extensions 16",
"READ_MEDICAL_DATA_PRACTITIONER_DETAILS","android.permission.health.READ_MEDICAL_DATA_PRACTITIONER_DETAILS","Allows an application to read the user's data about the practitioners who have interacted with them in their medical record. This is the information about the clinicians (doctors, nurses, etc) but also other practitioners (masseurs, physiotherapists, etc) who have been involved with the patient.","dangerous","Added in API level 36 Also in U Extensions 16",
"READ_MEDICAL_DATA_PREGNANCY","android.permission.health.READ_MEDICAL_DATA_PREGNANCY","Allows an application to read the user's pregnancy data.","dangerous","Added in API level 36 Also in U Extensions 16",
"READ_MEDICAL_DATA_PROCEDURES","android.permission.health.READ_MEDICAL_DATA_PROCEDURES","Allows an application to read the user's data about medical procedures.","dangerous","Added in API level 36 Also in U Extensions 16",
"READ_MEDICAL_DATA_SOCIAL_HISTORY","android.permission.health.READ_MEDICAL_DATA_SOCIAL_HISTORY","Allows an application to read the user's social history data.","dangerous","Added in API level 36 Also in U Extensions 16",
"READ_MEDICAL_DATA_VACCINES","android.permission.health.READ_MEDICAL_DATA_VACCINES","Allows an application to read the user's data about immunizations and vaccinations.","dangerous","Added in API level 36 Also in U Extensions 16",
"READ_MEDICAL_DATA_VISITS","android.permission.health.READ_MEDICAL_DATA_VISITS","Allows an application to read the user's information about their encounters with health care practitioners, including things like location, time of appointment, and name of organization the visit was with. Despite the name visit it covers remote encounters such as telephone or videoconference appointments.","dangerous","Added in API level 36 Also in U Extensions 16",
"READ_MEDICAL_DATA_VITAL_SIGNS","android.permission.health.READ_MEDICAL_DATA_VITAL_SIGNS","Allows an application to read the user's vital signs data.","dangerous","Added in API level 36 Also in U Extensions 16",
"READ_MENSTRUAL_CYCLE_PHASE","android.permission.health.READ_MENSTRUAL_CYCLE_PHASE","Allows an application to read the user's cycle phases data.","dangerous","Added in API level 37 Also in U Extensions 22",
"READ_MENSTRUATION","android.permission.health.READ_MENSTRUATION","Allows an application to read the user's menstruation data.","dangerous","Added in API level 34 Also in U Extensions 7","MenstruationFlowRecord; MenstruationPeriodRecord"
"READ_MINDFULNESS","android.permission.health.READ_MINDFULNESS","Allows an application to read user's mindfulness data.","dangerous","Added in API level 36 Also in U Extensions 15","MindfulnessSessionRecord"
"READ_NUTRITION","android.permission.health.READ_NUTRITION","Allows an application to read the user's nutrition data.","dangerous","Added in API level 34 Also in U Extensions 7","NutritionRecord"
"READ_OVULATION_TEST","android.permission.health.READ_OVULATION_TEST","Allows an application to read the user's ovulation test data.","dangerous","Added in API level 34 Also in U Extensions 7","OvulationTestRecord"
"READ_OXYGEN_SATURATION","android.permission.health.READ_OXYGEN_SATURATION","Allows an application to read the user's oxygen saturation data.","dangerous","Added in API level 34 Also in U Extensions 7","OxygenSaturationRecord"
"READ_PLANNED_EXERCISE","android.permission.health.READ_PLANNED_EXERCISE","Allows an application to read the user's training plan data.","dangerous","Added in API level 35 Also in U Extensions 13","PlannedExerciseSessionRecord"
"READ_POWER","android.permission.health.READ_POWER","Allows an application to read the user's power data.","dangerous","Added in API level 34 Also in U Extensions 7","PowerRecord"
"READ_RESPIRATORY_RATE","android.permission.health.READ_RESPIRATORY_RATE","Allows an application to read the user's respiratory rate data.","dangerous","Added in API level 34 Also in U Extensions 7","RespiratoryRateRecord"
"READ_RESTING_HEART_RATE","android.permission.health.READ_RESTING_HEART_RATE","Allows an application to read the user's resting heart rate data.","dangerous","Added in API level 34 Also in U Extensions 7","RestingHeartRateRecord"
"READ_SEXUAL_ACTIVITY","android.permission.health.READ_SEXUAL_ACTIVITY","Allows an application to read the user's sexual activity data.","dangerous","Added in API level 34 Also in U Extensions 7","SexualActivityRecord"
"READ_SKIN_TEMPERATURE","android.permission.health.READ_SKIN_TEMPERATURE","Allows an application to read the user's skin temperature data.","dangerous","Added in API level 35 Also in U Extensions 13","SkinTemperatureRecord"
"READ_SLEEP","android.permission.health.READ_SLEEP","Allows an application to read the user's sleep data.","dangerous","Added in API level 34 Also in U Extensions 7","SleepSessionRecord"
"READ_SPEED","android.permission.health.READ_SPEED","Allows an application to read the user's speed data.","dangerous","Added in API level 34 Also in U Extensions 7","SpeedRecord"
"READ_STEPS","android.permission.health.READ_STEPS","Allows an application to read the user's steps data.","dangerous","Added in API level 34 Also in U Extensions 7","StepsRecord; StepsCadenceRecord"
"READ_SYMPTOM_ABDOMINAL_PAIN","android.permission.health.READ_SYMPTOM_ABDOMINAL_PAIN","Allows an application to read the user's abdominal pain data.","dangerous","Added in API level 37 Also in U Extensions 21",
"READ_SYMPTOM_ACNE","android.permission.health.READ_SYMPTOM_ACNE","Allows an application to read the user's acne data.","dangerous","Added in API level 37 Also in U Extensions 21",
"READ_SYMPTOM_BACK_PAIN","android.permission.health.READ_SYMPTOM_BACK_PAIN","Allows an application to read the user's back pain data.","dangerous","Added in API level 37 Also in U Extensions 21",
"READ_SYMPTOM_BLOATING","android.permission.health.READ_SYMPTOM_BLOATING","Allows an application to read the user's bloating data.","dangerous","Added in API level 37 Also in U Extensions 21",
"READ_SYMPTOM_BRAIN_FOG","android.permission.health.READ_SYMPTOM_BRAIN_FOG","Allows an application to read the user's brain fog data.","dangerous","Added in API level 37 Also in U Extensions 21",
"READ_SYMPTOM_BREAST_TENDERNESS","android.permission.health.READ_SYMPTOM_BREAST_TENDERNESS","Allows an application to read the user's breast tenderness data.","dangerous","Added in API level 37 Also in U Extensions 21",
"READ_SYMPTOM_BRITTLE_NAILS","android.permission.health.READ_SYMPTOM_BRITTLE_NAILS","Allows an application to read the user's brittle nails data.","dangerous","Added in API level 37 Also in U Extensions 21",
"READ_SYMPTOM_BURNING_MOUTH","android.permission.health.READ_SYMPTOM_BURNING_MOUTH","Allows an application to read the user's burning mouth data.","dangerous","Added in API level 37 Also in U Extensions 21",
"READ_SYMPTOM_CHEST_PAIN","android.permission.health.READ_SYMPTOM_CHEST_PAIN","Allows an application to read the user's chest pain data.","dangerous","Added in API level 37 Also in U Extensions 21",
"READ_SYMPTOM_CHEST_TIGHTNESS","android.permission.health.READ_SYMPTOM_CHEST_TIGHTNESS","Allows an application to read the user's chest tightness data.","dangerous","Added in API level 37 Also in U Extensions 21",
"READ_SYMPTOM_CHILLS","android.permission.health.READ_SYMPTOM_CHILLS","Allows an application to read the user's chills data.","dangerous","Added in API level 37 Also in U Extensions 21",
"READ_SYMPTOM_CONSTIPATION","android.permission.health.READ_SYMPTOM_CONSTIPATION","Allows an application to read the user's constipation data.","dangerous","Added in API level 37 Also in U Extensions 21",
"READ_SYMPTOM_COUGH","android.permission.health.READ_SYMPTOM_COUGH","Allows an application to read the user's cough symptom data.","dangerous","Added in API level 37 Also in U Extensions 21",
"READ_SYMPTOM_CRAMPS","android.permission.health.READ_SYMPTOM_CRAMPS","Allows an application to read the user's cramps data.","dangerous","Added in API level 37 Also in U Extensions 21",
"READ_SYMPTOM_CRAVINGS","android.permission.health.READ_SYMPTOM_CRAVINGS","Allows an application to read the user's cravings data.","dangerous","Added in API level 37 Also in U Extensions 21",
"READ_SYMPTOM_DEHYDRATION","android.permission.health.READ_SYMPTOM_DEHYDRATION","Allows an application to read the user's dehydration data.","dangerous","Added in API level 37 Also in U Extensions 21",
"READ_SYMPTOM_DIARRHEA","android.permission.health.READ_SYMPTOM_DIARRHEA","Allows an application to read the user's diarrhea data.","dangerous","Added in API level 37 Also in U Extensions 21",
"READ_SYMPTOM_DIFFICULTY_SWALLOWING","android.permission.health.READ_SYMPTOM_DIFFICULTY_SWALLOWING","Allows an application to read the user's difficulty swallowing data.","dangerous","Added in API level 37 Also in U Extensions 21",
"READ_SYMPTOM_DIZZINESS","android.permission.health.READ_SYMPTOM_DIZZINESS","Allows an application to read the user's dizziness data.","dangerous","Added in API level 37 Also in U Extensions 21",
"READ_SYMPTOM_DRY_SKIN","android.permission.health.READ_SYMPTOM_DRY_SKIN","Allows an application to read the user's dry skin data.","dangerous","Added in API level 37 Also in U Extensions 21",
"READ_SYMPTOM_EARACHES","android.permission.health.READ_SYMPTOM_EARACHES","Allows an application to read the user's earaches data.","dangerous","Added in API level 37 Also in U Extensions 21",
"READ_SYMPTOM_FATIGUE","android.permission.health.READ_SYMPTOM_FATIGUE","Allows an application to read the user's fatigue data.","dangerous","Added in API level 37 Also in U Extensions 21",
"READ_SYMPTOM_FEVER","android.permission.health.READ_SYMPTOM_FEVER","Allows an application to read the user's fever data.","dangerous","Added in API level 37 Also in U Extensions 21",
"READ_SYMPTOM_GENERALIZED_BODY_ACHE","android.permission.health.READ_SYMPTOM_GENERALIZED_BODY_ACHE","Allows an application to read the user's generalized body ache data.","dangerous","Added in API level 37 Also in U Extensions 21",
"READ_SYMPTOM_HAIR_LOSS","android.permission.health.READ_SYMPTOM_HAIR_LOSS","Allows an application to read the user's hair loss data.","dangerous","Added in API level 37 Also in U Extensions 21",
"READ_SYMPTOM_HEADACHE","android.permission.health.READ_SYMPTOM_HEADACHE","Allows an application to read the user's headache data.","dangerous","Added in API level 37 Also in U Extensions 21",
"READ_SYMPTOM_HEARTBURN","android.permission.health.READ_SYMPTOM_HEARTBURN","Allows an application to read the user's heartburn data.","dangerous","Added in API level 37 Also in U Extensions 21",
"READ_SYMPTOM_HEART_PALPITATIONS","android.permission.health.READ_SYMPTOM_HEART_PALPITATIONS","Allows an application to read the user's heart palpitations data.","dangerous","Added in API level 37 Also in U Extensions 21",
"READ_SYMPTOM_HOT_FLASHES","android.permission.health.READ_SYMPTOM_HOT_FLASHES","Allows an application to read the user's hot flashes data.","dangerous","Added in API level 37 Also in U Extensions 21",
"READ_SYMPTOM_INSOMNIA","android.permission.health.READ_SYMPTOM_INSOMNIA","Allows an application to read the user's insomnia data.","dangerous","Added in API level 37 Also in U Extensions 21",
"READ_SYMPTOM_JOINT_PAIN","android.permission.health.READ_SYMPTOM_JOINT_PAIN","Allows an application to read the user's joint pain data.","dangerous","Added in API level 37 Also in U Extensions 21",
"READ_SYMPTOM_JOINT_STIFFNESS","android.permission.health.READ_SYMPTOM_JOINT_STIFFNESS","Allows an application to read the user's joint stiffness data.","dangerous","Added in API level 37 Also in U Extensions 21",
"READ_SYMPTOM_LOSS_OF_APPETITE","android.permission.health.READ_SYMPTOM_LOSS_OF_APPETITE","Allows an application to read the user's loss of appetite data.","dangerous","Added in API level 37 Also in U Extensions 21",
"READ_SYMPTOM_LOSS_OF_CONSCIOUSNESS","android.permission.health.READ_SYMPTOM_LOSS_OF_CONSCIOUSNESS","Allows an application to read the user's loss of consciousness data.","dangerous","Added in API level 37 Also in U Extensions 21",
"READ_SYMPTOM_LOWER_BACK_PAIN","android.permission.health.READ_SYMPTOM_LOWER_BACK_PAIN","Allows an application to read the user's lower back pain data.","dangerous","Added in API level 37 Also in U Extensions 21",
"READ_SYMPTOM_MEMORY_LAPSE","android.permission.health.READ_SYMPTOM_MEMORY_LAPSE","Allows an application to read the user's memory lapse data.","dangerous","Added in API level 37 Also in U Extensions 21",
"READ_SYMPTOM_MOOD_CHANGE","android.permission.health.READ_SYMPTOM_MOOD_CHANGE","Allows an application to read the user's mood change data.","dangerous","Added in API level 37 Also in U Extensions 21",
"READ_SYMPTOM_MUSCLE_PAIN","android.permission.health.READ_SYMPTOM_MUSCLE_PAIN","Allows an application to read the user's muscle pain data.","dangerous","Added in API level 37 Also in U Extensions 21",
"READ_SYMPTOM_NAUSEA","android.permission.health.READ_SYMPTOM_NAUSEA","Allows an application to read the user's nausea data.","dangerous","Added in API level 37 Also in U Extensions 21",
"READ_SYMPTOM_NIGHT_SWEATS","android.permission.health.READ_SYMPTOM_NIGHT_SWEATS","Allows an application to read the user's night sweats data.","dangerous","Added in API level 37 Also in U Extensions 21",
"READ_SYMPTOM_PELVIC_PAIN","android.permission.health.READ_SYMPTOM_PELVIC_PAIN","Allows an application to read the user's pelvic pain data.","dangerous","Added in API level 37 Also in U Extensions 21",
"READ_SYMPTOM_RAPID_POUNDING_OR_FLUTTERING_HEARTBEAT","android.permission.health.READ_SYMPTOM_RAPID_POUNDING_OR_FLUTTERING_HEARTBEAT","Allows an application to read the user's rapid, pounding, or fluttering heartbeat data.","dangerous","Added in API level 37 Also in U Extensions 21",
"READ_SYMPTOM_REDUCED_CAPACITY_FOR_EXERCISE","android.permission.health.READ_SYMPTOM_REDUCED_CAPACITY_FOR_EXERCISE","Allows an application to read the user's reduced capacity for exercise data.","dangerous","Added in API level 37 Also in U Extensions 21",
"READ_SYMPTOM_RUNNY_NOSE","android.permission.health.READ_SYMPTOM_RUNNY_NOSE","Allows an application to read the user's runny nose data.","dangerous","Added in API level 37 Also in U Extensions 21",
"READ_SYMPTOM_SHORTNESS_OF_BREATH","android.permission.health.READ_SYMPTOM_SHORTNESS_OF_BREATH","Allows an application to read the user's shortness of breath data.","dangerous","Added in API level 37 Also in U Extensions 21",
"READ_SYMPTOM_SKIPPED_HEARTBEAT","android.permission.health.READ_SYMPTOM_SKIPPED_HEARTBEAT","Allows an application to read the user's skipped heartbeat data.","dangerous","Added in API level 37 Also in U Extensions 21",
"READ_SYMPTOM_SLEEPINESS","android.permission.health.READ_SYMPTOM_SLEEPINESS","Allows an application to read the user's sleepiness data.","dangerous","Added in API level 37 Also in U Extensions 21",
"READ_SYMPTOM_SLEEP_CHANGES","android.permission.health.READ_SYMPTOM_SLEEP_CHANGES","Allows an application to read the user's sleep changes data.","dangerous","Added in API level 37 Also in U Extensions 21",
"READ_SYMPTOM_SNEEZING","android.permission.health.READ_SYMPTOM_SNEEZING","Allows an application to read the user's sneezing data.","dangerous","Added in API level 37 Also in U Extensions 21",
"READ_SYMPTOM_SNORE","android.permission.health.READ_SYMPTOM_SNORE","Allows an application to read the user's snore data.","dangerous","Added in API level 37 Also in U Extensions 21",
"READ_SYMPTOM_SORE_THROAT","android.permission.health.READ_SYMPTOM_SORE_THROAT","Allows an application to read the user's sore throat data.","dangerous","Added in API level 37 Also in U Extensions 21",
"READ_SYMPTOM_STOMACH_ACHE","android.permission.health.READ_SYMPTOM_STOMACH_ACHE","Allows an application to read the user's stomach ache data.","dangerous","Added in API level 37 Also in U Extensions 21",
"READ_SYMPTOM_STUFFY_NOSE","android.permission.health.READ_SYMPTOM_STUFFY_NOSE","Allows an application to read the user's stuffy nose data.","dangerous","Added in API level 37 Also in U Extensions 21",
"READ_SYMPTOM_UNEXPLAINED_WEIGHT_CHANGES","android.permission.health.READ_SYMPTOM_UNEXPLAINED_WEIGHT_CHANGES","Allows an application to read the user's unexplained weight changes data.","dangerous","Added in API level 37 Also in U Extensions 21",
"READ_SYMPTOM_VAGINAL_DRYNESS","android.permission.health.READ_SYMPTOM_VAGINAL_DRYNESS","Allows an application to read the user's vaginal dryness data.","dangerous","Added in API level 37 Also in U Extensions 21",
"READ_SYMPTOM_VAGINAL_ITCHINESS","android.permission.health.READ_SYMPTOM_VAGINAL_ITCHINESS","Allows an application to read the user's vaginal itchiness data.","dangerous","Added in API level 37 Also in U Extensions 21",
"READ_SYMPTOM_VOMITING","android.permission.health.READ_SYMPTOM_VOMITING","Allows an application to read the user's vomiting data.","dangerous","Added in API level 37 Also in U Extensions 21",
"READ_SYMPTOM_WATER_RETENTION","android.permission.health.READ_SYMPTOM_WATER_RETENTION","Allows an application to read the user's water retention data.","dangerous","Added in API level 37 Also in U Extensions 21",
"READ_SYMPTOM_WHEEZING","android.permission.health.READ_SYMPTOM_WHEEZING","Allows an application to read the user's wheezing data.","dangerous","Added in API level 37 Also in U Extensions 21",
"READ_TOTAL_CALORIES_BURNED","android.permission.health.READ_TOTAL_CALORIES_BURNED","Allows an application to read the user's total calories burned data.","dangerous","Added in API level 34 Also in U Extensions 7","TotalCaloriesBurnedRecord"
"READ_VO2_MAX","android.permission.health.READ_VO2_MAX","Allows an application to read the user's vo2 maximum data.","dangerous","Added in API level 34 Also in U Extensions 7","Vo2MaxRecord"
"READ_WEIGHT","android.permission.health.READ_WEIGHT","Allows an application to read the user's weight data.","dangerous","Added in API level 34 Also in U Extensions 7","WeightRecord"
"READ_WHEELCHAIR_PUSHES","android.permission.health.READ_WHEELCHAIR_PUSHES","Allows an application to read the user's wheelchair pushes data.","dangerous","Added in API level 34 Also in U Extensions 7","WheelchairPushesRecord"
"START_ONBOARDING","android.permission.health.START_ONBOARDING","Allows an application to launch client onboarding activities responsible for connecting to Health Connect. This permission can only be held by the system. Client apps that choose to export an onboarding activity must guard it with this permission so that only the system can launch it. See HealthConnectManager.ACTION_SHOW_ONBOARDING for the corresponding intent used by the system to launch onboarding activities.","signature","Added in version 36.1 Also in U Extensions 19",
"WRITE_ACTIVE_CALORIES_BURNED","android.permission.health.WRITE_ACTIVE_CALORIES_BURNED","Allows an application to write the user's calories burned data.","dangerous","Added in API level 34 Also in U Extensions 7","ActiveCaloriesBurnedRecord"
"WRITE_ACTIVITY_INTENSITY","android.permission.health.WRITE_ACTIVITY_INTENSITY","Allows an application to write the user's activity intensity data.","dangerous","Added in API level 36 Also in U Extensions 16","ActivityIntensityRecord"
"WRITE_ALCOHOL_CONSUMPTION","android.permission.health.WRITE_ALCOHOL_CONSUMPTION","Allows an application to write user's alcohol consumption data.","dangerous","Added in API level 37 Also in U Extensions 21",
"WRITE_BASAL_BODY_TEMPERATURE","android.permission.health.WRITE_BASAL_BODY_TEMPERATURE","Allows an application to write the user's basal body temperature data.","dangerous","Added in API level 34 Also in U Extensions 7","BasalBodyTemperatureRecord"
"WRITE_BASAL_METABOLIC_RATE","android.permission.health.WRITE_BASAL_METABOLIC_RATE","Allows an application to write the user's basal metabolic rate data.","dangerous","Added in API level 34 Also in U Extensions 7","BasalMetabolicRateRecord"
"WRITE_BLOOD_GLUCOSE","android.permission.health.WRITE_BLOOD_GLUCOSE","Allows an application to write the user's blood glucose data.","dangerous","Added in API level 34 Also in U Extensions 7","BloodGlucoseRecord"
"WRITE_BLOOD_PRESSURE","android.permission.health.WRITE_BLOOD_PRESSURE","Allows an application to write the user's blood pressure data.","dangerous","Added in API level 34 Also in U Extensions 7","BloodPressureRecord"
"WRITE_BODY_FAT","android.permission.health.WRITE_BODY_FAT","Allows an application to write the user's body fat data.","dangerous","Added in API level 34 Also in U Extensions 7","BodyFatRecord"
"WRITE_BODY_TEMPERATURE","android.permission.health.WRITE_BODY_TEMPERATURE","Allows an application to write the user's body temperature data.","dangerous","Added in API level 34 Also in U Extensions 7","BodyTemperatureRecord"
"WRITE_BODY_WATER_MASS","android.permission.health.WRITE_BODY_WATER_MASS","Allows an application to write the user's body water mass data.","dangerous","Added in API level 34 Also in U Extensions 7","BodyWaterMassRecord"
"WRITE_BONE_MASS","android.permission.health.WRITE_BONE_MASS","Allows an application to write the user's bone mass data.","dangerous","Added in API level 34 Also in U Extensions 7","BoneMassRecord"
"WRITE_CERVICAL_MUCUS","android.permission.health.WRITE_CERVICAL_MUCUS","Allows an application to write the user's cervical mucus data.","dangerous","Added in API level 34 Also in U Extensions 7","CervicalMucusRecord"
"WRITE_DEVICE_UDI","android.permission.health.WRITE_DEVICE_UDI","Allows an application to write the device's unique device identifier (UDI).","normal","Added in version 37.1 Also in U Extensions 23",
"WRITE_DISTANCE","android.permission.health.WRITE_DISTANCE","Allows an application to write the user's distance data.","dangerous","Added in API level 34 Also in U Extensions 7","DistanceRecord"
"WRITE_ELEVATION_GAINED","android.permission.health.WRITE_ELEVATION_GAINED","Allows an application to write the user's elevation gained data.","dangerous","Added in API level 34 Also in U Extensions 7","ElevationGainedRecord"
"WRITE_EXERCISE","android.permission.health.WRITE_EXERCISE","Allows an application to write the user's exercise data. Additional permission HealthPermissions.WRITE_EXERCISE_ROUTE is required to write user's exercise route.","dangerous","Added in API level 34 Also in U Extensions 7","CyclingPedalingCadenceRecord; ExerciseSessionRecord"
"WRITE_EXERCISE_ROUTE","android.permission.health.WRITE_EXERCISE_ROUTE","Allows an application to write the user's exercise route.","dangerous","Added in API level 34 Also in U Extensions 7","ExerciseSessionRecord"
"WRITE_FLOORS_CLIMBED","android.permission.health.WRITE_FLOORS_CLIMBED","Allows an application to write the user's floors climbed data.","dangerous","Added in API level 34 Also in U Extensions 7","FloorsClimbedRecord"
"WRITE_HEART_RATE","android.permission.health.WRITE_HEART_RATE","Allows an application to write the user's heart rate data.","dangerous","Added in API level 34 Also in U Extensions 7","HeartRateRecord"
"WRITE_HEART_RATE_VARIABILITY","android.permission.health.WRITE_HEART_RATE_VARIABILITY","Allows an application to write the user's heart rate variability data.","dangerous","Added in API level 34 Also in U Extensions 7","HeartRateVariabilityRmssdRecord"
"WRITE_HEIGHT","android.permission.health.WRITE_HEIGHT","Allows an application to write the user's height data.","dangerous","Added in API level 34 Also in U Extensions 7","HeightRecord"
"WRITE_HYDRATION","android.permission.health.WRITE_HYDRATION","Allows an application to write the user's hydration data.","dangerous","Added in API level 34 Also in U Extensions 7","HydrationRecord"
"WRITE_INTERMENSTRUAL_BLEEDING","android.permission.health.WRITE_INTERMENSTRUAL_BLEEDING","Allows an application to write the user's intermenstrual bleeding data.","dangerous","Added in API level 34 Also in U Extensions 7","IntermenstrualBleedingRecord"
"WRITE_LEAN_BODY_MASS","android.permission.health.WRITE_LEAN_BODY_MASS","Allows an application to write the user's lean body mass data.","dangerous","Added in API level 34 Also in U Extensions 7","LeanBodyMassRecord"
"WRITE_MEDICAL_DATA","android.permission.health.WRITE_MEDICAL_DATA","Allows an application to write the user's medical data.","dangerous","Added in API level 36 Also in U Extensions 16",
"WRITE_MENSTRUAL_CYCLE_PHASE","android.permission.health.WRITE_MENSTRUAL_CYCLE_PHASE","Allows an application to write the user's cycle phases data.","dangerous","Added in API level 37 Also in U Extensions 22",
"WRITE_MENSTRUATION","android.permission.health.WRITE_MENSTRUATION","Allows an application to write the user's menstruation data.","dangerous","Added in API level 34 Also in U Extensions 7","MenstruationFlowRecord; MenstruationPeriodRecord"
"WRITE_MINDFULNESS","android.permission.health.WRITE_MINDFULNESS","Allows an application to write user's mindfulness data.","dangerous","Added in API level 36 Also in U Extensions 15","MindfulnessSessionRecord"
"WRITE_NUTRITION","android.permission.health.WRITE_NUTRITION","Allows an application to write the user's nutrition data.","dangerous","Added in API level 34 Also in U Extensions 7","NutritionRecord"
"WRITE_OVULATION_TEST","android.permission.health.WRITE_OVULATION_TEST","Allows an application to write the user's ovulation test data.","dangerous","Added in API level 34 Also in U Extensions 7","OvulationTestRecord"
"WRITE_OXYGEN_SATURATION","android.permission.health.WRITE_OXYGEN_SATURATION","Allows an application to write the user's oxygen saturation data.","dangerous","Added in API level 34 Also in U Extensions 7","OxygenSaturationRecord"
"WRITE_PLANNED_EXERCISE","android.permission.health.WRITE_PLANNED_EXERCISE","Allows an application to write the user's training plan data.","dangerous","Added in API level 35 Also in U Extensions 13","PlannedExerciseSessionRecord"
"WRITE_POWER","android.permission.health.WRITE_POWER","Allows an application to write the user's power data.","dangerous","Added in API level 34 Also in U Extensions 7","PowerRecord"
"WRITE_RESPIRATORY_RATE","android.permission.health.WRITE_RESPIRATORY_RATE","Allows an application to write the user's respiratory rate data.","dangerous","Added in API level 34 Also in U Extensions 7","RespiratoryRateRecord"
"WRITE_RESTING_HEART_RATE","android.permission.health.WRITE_RESTING_HEART_RATE","Allows an application to write the user's resting heart rate data.","dangerous","Added in API level 34 Also in U Extensions 7","RestingHeartRateRecord"
"WRITE_SEXUAL_ACTIVITY","android.permission.health.WRITE_SEXUAL_ACTIVITY","Allows an application to write the user's sexual activity data.","dangerous","Added in API level 34 Also in U Extensions 7","SexualActivityRecord"
"WRITE_SKIN_TEMPERATURE","android.permission.health.WRITE_SKIN_TEMPERATURE","Allows an application to write the user's skin temperature data.","dangerous","Added in API level 35 Also in U Extensions 13","SkinTemperatureRecord"
"WRITE_SLEEP","android.permission.health.WRITE_SLEEP","Allows an application to write the user's sleep data.","dangerous","Added in API level 34 Also in U Extensions 7","SleepSessionRecord"
"WRITE_SPEED","android.permission.health.WRITE_SPEED","Allows an application to write the user's speed data.","dangerous","Added in API level 34 Also in U Extensions 7","SpeedRecord"
"WRITE_STEPS","android.permission.health.WRITE_STEPS","Allows an application to write the user's steps data.","dangerous","Added in API level 34 Also in U Extensions 7","StepsRecord; StepsCadenceRecord"
"WRITE_SYMPTOM_ABDOMINAL_PAIN","android.permission.health.WRITE_SYMPTOM_ABDOMINAL_PAIN","Allows an application to write the user's abdominal pain data.","dangerous","Added in API level 37 Also in U Extensions 21",
"WRITE_SYMPTOM_ACNE","android.permission.health.WRITE_SYMPTOM_ACNE","Allows an application to write the user's acne data.","dangerous","Added in API level 37 Also in U Extensions 21",
"WRITE_SYMPTOM_BACK_PAIN","android.permission.health.WRITE_SYMPTOM_BACK_PAIN","Allows an application to write the user's back pain data.","dangerous","Added in API level 37 Also in U Extensions 21",
"WRITE_SYMPTOM_BLOATING","android.permission.health.WRITE_SYMPTOM_BLOATING","Allows an application to write the user's bloating data.","dangerous","Added in API level 37 Also in U Extensions 21",
"WRITE_SYMPTOM_BRAIN_FOG","android.permission.health.WRITE_SYMPTOM_BRAIN_FOG","Allows an application to write the user's brain fog data.","dangerous","Added in API level 37 Also in U Extensions 21",
"WRITE_SYMPTOM_BREAST_TENDERNESS","android.permission.health.WRITE_SYMPTOM_BREAST_TENDERNESS","Allows an application to write the user's breast tenderness data.","dangerous","Added in API level 37 Also in U Extensions 21",
"WRITE_SYMPTOM_BRITTLE_NAILS","android.permission.health.WRITE_SYMPTOM_BRITTLE_NAILS","Allows an application to write the user's brittle nails data.","dangerous","Added in API level 37 Also in U Extensions 21",
"WRITE_SYMPTOM_BURNING_MOUTH","android.permission.health.WRITE_SYMPTOM_BURNING_MOUTH","Allows an application to write the user's burning mouth data.","dangerous","Added in API level 37 Also in U Extensions 21",
"WRITE_SYMPTOM_CHEST_PAIN","android.permission.health.WRITE_SYMPTOM_CHEST_PAIN","Allows an application to write the user's chest pain data.","dangerous","Added in API level 37 Also in U Extensions 21",
"WRITE_SYMPTOM_CHEST_TIGHTNESS","android.permission.health.WRITE_SYMPTOM_CHEST_TIGHTNESS","Allows an application to write the user's chest tightness data.","dangerous","Added in API level 37 Also in U Extensions 21",
"WRITE_SYMPTOM_CHILLS","android.permission.health.WRITE_SYMPTOM_CHILLS","Allows an application to write the user's chills data.","dangerous","Added in API level 37 Also in U Extensions 21",
"WRITE_SYMPTOM_CONSTIPATION","android.permission.health.WRITE_SYMPTOM_CONSTIPATION","Allows an application to write the user's constipation data.","dangerous","Added in API level 37 Also in U Extensions 21",
"WRITE_SYMPTOM_COUGH","android.permission.health.WRITE_SYMPTOM_COUGH","Allows an application to write the user's cough symptom data.","dangerous","Added in API level 37 Also in U Extensions 21",
"WRITE_SYMPTOM_CRAMPS","android.permission.health.WRITE_SYMPTOM_CRAMPS","Allows an application to write the user's cramps data.","dangerous","Added in API level 37 Also in U Extensions 21",
"WRITE_SYMPTOM_CRAVINGS","android.permission.health.WRITE_SYMPTOM_CRAVINGS","Allows an application to write the user's cravings data.","dangerous","Added in API level 37 Also in U Extensions 21",
"WRITE_SYMPTOM_DEHYDRATION","android.permission.health.WRITE_SYMPTOM_DEHYDRATION","Allows an application to write the user's dehydration data.","dangerous","Added in API level 37 Also in U Extensions 21",
"WRITE_SYMPTOM_DIARRHEA","android.permission.health.WRITE_SYMPTOM_DIARRHEA","Allows an application to write the user's diarrhea data.","dangerous","Added in API level 37 Also in U Extensions 21",
"WRITE_SYMPTOM_DIFFICULTY_SWALLOWING","android.permission.health.WRITE_SYMPTOM_DIFFICULTY_SWALLOWING","Allows an application to write the user's difficulty swallowing data.","dangerous","Added in API level 37 Also in U Extensions 21",
"WRITE_SYMPTOM_DIZZINESS","android.permission.health.WRITE_SYMPTOM_DIZZINESS","Allows an application to write the user's dizziness data.","dangerous","Added in API level 37 Also in U Extensions 21",
"WRITE_SYMPTOM_DRY_SKIN","android.permission.health.WRITE_SYMPTOM_DRY_SKIN","Allows an application to write the user's dry skin data.","dangerous","Added in API level 37 Also in U Extensions 21",
"WRITE_SYMPTOM_EARACHES","android.permission.health.WRITE_SYMPTOM_EARACHES","Allows an application to write the user's earaches data.","dangerous","Added in API level 37 Also in U Extensions 21",
"WRITE_SYMPTOM_FATIGUE","android.permission.health.WRITE_SYMPTOM_FATIGUE","Allows an application to write the user's fatigue data.","dangerous","Added in API level 37 Also in U Extensions 21",
"WRITE_SYMPTOM_FEVER","android.permission.health.WRITE_SYMPTOM_FEVER","Allows an application to write the user's fever data.","dangerous","Added in API level 37 Also in U Extensions 21",
"WRITE_SYMPTOM_GENERALIZED_BODY_ACHE","android.permission.health.WRITE_SYMPTOM_GENERALIZED_BODY_ACHE","Allows an application to write the user's generalized body ache data.","dangerous","Added in API level 37 Also in U Extensions 21",
"WRITE_SYMPTOM_HAIR_LOSS","android.permission.health.WRITE_SYMPTOM_HAIR_LOSS","Allows an application to write the user's hair loss data.","dangerous","Added in API level 37 Also in U Extensions 21",
"WRITE_SYMPTOM_HEADACHE","android.permission.health.WRITE_SYMPTOM_HEADACHE","Allows an application to write the user's headache data.","dangerous","Added in API level 37 Also in U Extensions 21",
"WRITE_SYMPTOM_HEARTBURN","android.permission.health.WRITE_SYMPTOM_HEARTBURN","Allows an application to write the user's heartburn data.","dangerous","Added in API level 37 Also in U Extensions 21",
"WRITE_SYMPTOM_HEART_PALPITATIONS","android.permission.health.WRITE_SYMPTOM_HEART_PALPITATIONS","Allows an application to write the user's heart palpitations data.","dangerous","Added in API level 37 Also in U Extensions 21",
"WRITE_SYMPTOM_HOT_FLASHES","android.permission.health.WRITE_SYMPTOM_HOT_FLASHES","Allows an application to write the user's hot flashes data.","dangerous","Added in API level 37 Also in U Extensions 21",
"WRITE_SYMPTOM_INSOMNIA","android.permission.health.WRITE_SYMPTOM_INSOMNIA","Allows an application to write the user's insomnia data.","dangerous","Added in API level 37 Also in U Extensions 21",
"WRITE_SYMPTOM_JOINT_PAIN","android.permission.health.WRITE_SYMPTOM_JOINT_PAIN","Allows an application to write the user's joint pain data.","dangerous","Added in API level 37 Also in U Extensions 21",
"WRITE_SYMPTOM_JOINT_STIFFNESS","android.permission.health.WRITE_SYMPTOM_JOINT_STIFFNESS","Allows an application to write the user's joint stiffness data.","dangerous","Added in API level 37 Also in U Extensions 21",
"WRITE_SYMPTOM_LOSS_OF_APPETITE","android.permission.health.WRITE_SYMPTOM_LOSS_OF_APPETITE","Allows an application to write the user's loss of appetite data.","dangerous","Added in API level 37 Also in U Extensions 21",
"WRITE_SYMPTOM_LOSS_OF_CONSCIOUSNESS","android.permission.health.WRITE_SYMPTOM_LOSS_OF_CONSCIOUSNESS","Allows an application to write the user's loss of consciousness data.","dangerous","Added in API level 37 Also in U Extensions 21",
"WRITE_SYMPTOM_LOWER_BACK_PAIN","android.permission.health.WRITE_SYMPTOM_LOWER_BACK_PAIN","Allows an application to write the user's lower back pain data.","dangerous","Added in API level 37 Also in U Extensions 21",
"WRITE_SYMPTOM_MEMORY_LAPSE","android.permission.health.WRITE_SYMPTOM_MEMORY_LAPSE","Allows an application to write the user's memory lapse data.","dangerous","Added in API level 37 Also in U Extensions 21",
"WRITE_SYMPTOM_MOOD_CHANGE","android.permission.health.WRITE_SYMPTOM_MOOD_CHANGE","Allows an application to write the user's mood change data.","dangerous","Added in API level 37 Also in U Extensions 21",
"WRITE_SYMPTOM_MUSCLE_PAIN","android.permission.health.WRITE_SYMPTOM_MUSCLE_PAIN","Allows an application to write the user's muscle pain data.","dangerous","Added in API level 37 Also in U Extensions 21",
"WRITE_SYMPTOM_NAUSEA","android.permission.health.WRITE_SYMPTOM_NAUSEA","Allows an application to write the user's nausea data.","dangerous","Added in API level 37 Also in U Extensions 21",
"WRITE_SYMPTOM_NIGHT_SWEATS","android.permission.health.WRITE_SYMPTOM_NIGHT_SWEATS","Allows an application to write the user's night sweats data.","dangerous","Added in API level 37 Also in U Extensions 21",
"WRITE_SYMPTOM_PELVIC_PAIN","android.permission.health.WRITE_SYMPTOM_PELVIC_PAIN","Allows an application to write the user's pelvic pain data.","dangerous","Added in API level 37 Also in U Extensions 21",
"WRITE_SYMPTOM_RAPID_POUNDING_OR_FLUTTERING_HEARTBEAT","android.permission.health.WRITE_SYMPTOM_RAPID_POUNDING_OR_FLUTTERING_HEARTBEAT","Allows an application to write the user's rapid, pounding, or fluttering heartbeat data.","dangerous","Added in API level 37 Also in U Extensions 21",
"WRITE_SYMPTOM_REDUCED_CAPACITY_FOR_EXERCISE","android.permission.health.WRITE_SYMPTOM_REDUCED_CAPACITY_FOR_EXERCISE","Allows an application to write the user's reduced capacity for exercise data.","dangerous","Added in API level 37 Also in U Extensions 21",
"WRITE_SYMPTOM_RUNNY_NOSE","android.permission.health.WRITE_SYMPTOM_RUNNY_NOSE","Allows an application to write the user's runny nose data.","dangerous","Added in API level 37 Also in U Extensions 21",
"WRITE_SYMPTOM_SHORTNESS_OF_BREATH","android.permission.health.WRITE_SYMPTOM_SHORTNESS_OF_BREATH","Allows an application to write the user's shortness of breath data.","dangerous","Added in API level 37 Also in U Extensions 21",
"WRITE_SYMPTOM_SKIPPED_HEARTBEAT","android.permission.health.WRITE_SYMPTOM_SKIPPED_HEARTBEAT","Allows an application to write the user's skipped heartbeat data.","dangerous","Added in API level 37 Also in U Extensions 21",
"WRITE_SYMPTOM_SLEEPINESS","android.permission.health.WRITE_SYMPTOM_SLEEPINESS","Allows an application to write the user's sleepiness data.","dangerous","Added in API level 37 Also in U Extensions 21",
"WRITE_SYMPTOM_SLEEP_CHANGES","android.permission.health.WRITE_SYMPTOM_SLEEP_CHANGES","Allows an application to write the user's sleep changes data.","dangerous","Added in API level 37 Also in U Extensions 21",
"WRITE_SYMPTOM_SNEEZING","android.permission.health.WRITE_SYMPTOM_SNEEZING","Allows an application to write the user's sneezing data.","dangerous","Added in API level 37 Also in U Extensions 21",
"WRITE_SYMPTOM_SNORE","android.permission.health.WRITE_SYMPTOM_SNORE","Allows an application to write the user's snore data.","dangerous","Added in API level 37 Also in U Extensions 21",
"WRITE_SYMPTOM_SORE_THROAT","android.permission.health.WRITE_SYMPTOM_SORE_THROAT","Allows an application to write the user's sore throat data.","dangerous","Added in API level 37 Also in U Extensions 21",
"WRITE_SYMPTOM_STOMACH_ACHE","android.permission.health.WRITE_SYMPTOM_STOMACH_ACHE","Allows an application to write the user's stomach ache data.","dangerous","Added in API level 37 Also in U Extensions 21",
"WRITE_SYMPTOM_STUFFY_NOSE","android.permission.health.WRITE_SYMPTOM_STUFFY_NOSE","Allows an application to write the user's stuffy nose data.","dangerous","Added in API level 37 Also in U Extensions 21",
"WRITE_SYMPTOM_UNEXPLAINED_WEIGHT_CHANGES","android.permission.health.WRITE_SYMPTOM_UNEXPLAINED_WEIGHT_CHANGES","Allows an application to write the user's unexplained weight changes data.","dangerous","Added in API level 37 Also in U Extensions 21",
"WRITE_SYMPTOM_VAGINAL_DRYNESS","android.permission.health.WRITE_SYMPTOM_VAGINAL_DRYNESS","Allows an application to write the user's vaginal dryness data.","dangerous","Added in API level 37 Also in U Extensions 21",
"WRITE_SYMPTOM_VAGINAL_ITCHINESS","android.permission.health.WRITE_SYMPTOM_VAGINAL_ITCHINESS","Allows an application to write the user's vaginal itchiness data.","dangerous","Added in API level 37 Also in U Extensions 21",
"WRITE_SYMPTOM_VOMITING","android.permission.health.WRITE_SYMPTOM_VOMITING","Allows an application to write the user's vomiting data.","dangerous","Added in API level 37 Also in U Extensions 21",
"WRITE_SYMPTOM_WATER_RETENTION","android.permission.health.WRITE_SYMPTOM_WATER_RETENTION","Allows an application to write the user's water retention data.","dangerous","Added in API level 37 Also in U Extensions 21",
"WRITE_SYMPTOM_WHEEZING","android.permission.health.WRITE_SYMPTOM_WHEEZING","Allows an application to write the user's wheezing data.","dangerous","Added in API level 37 Also in U Extensions 21",
"WRITE_TOTAL_CALORIES_BURNED","android.permission.health.WRITE_TOTAL_CALORIES_BURNED","Allows an application to write the user's total calories burned data.","dangerous","Added in API level 34 Also in U Extensions 7","TotalCaloriesBurnedRecord"
"WRITE_VO2_MAX","android.permission.health.WRITE_VO2_MAX","Allows an application to write the user's vo2 maximum data.","dangerous","Added in API level 34 Also in U Extensions 7","Vo2MaxRecord"
"WRITE_WEIGHT","android.permission.health.WRITE_WEIGHT","Allows an application to write the user's weight data.","dangerous","Added in API level 34 Also in U Extensions 7","WeightRecord"
"WRITE_WHEELCHAIR_PUSHES","android.permission.health.WRITE_WHEELCHAIR_PUSHES","Allows an application to write the user's wheelchair pushes data.","dangerous","Added in API level 34 Also in U Extensions 7","WheelchairPushesRecord"