swiftName,objcName,group,subgroup,valueType,valueTypeEvidence,iosIntroduced,watchosIntroduced,deprecated,abstract,appleDocs,page
"HKMetadataKeyExternalUUID","HKMetadataKeyExternalUUID","General Keys",,"NSString","This key takes a string value.","8.0","2.0","no","A unique identifier for an HKObject that is set by its source.","https://developer.apple.com/documentation/healthkit/hkmetadatakeyexternaluuid","https://aifitnessapi.com/healthkit-metadata-keys#key-hkmetadatakeyexternaluuid"
"HKMetadataKeyTimeZone","HKMetadataKeyTimeZone","General Keys",,"NSString","This key takes a string value compatible with the NSTimeZone class’s timeZoneWithName: method.","8.0","2.0","no","The user’s time zone when the HealthKit object was created.","https://developer.apple.com/documentation/healthkit/hkmetadatakeytimezone","https://aifitnessapi.com/healthkit-metadata-keys#key-hkmetadatakeytimezone"
"HKMetadataKeyWasUserEntered","HKMetadataKeyWasUserEntered","General Keys",,"Boolean","Set this key’s value to true if the sample was entered by the user; otherwise, set it to false.","8.0","2.0","no","A key that indicates whether the sample was entered by the user.","https://developer.apple.com/documentation/healthkit/hkmetadatakeywasuserentered","https://aifitnessapi.com/healthkit-metadata-keys#key-hkmetadatakeywasuserentered"
"HKMetadataKeyQuantityClampedToLowerBound","HKMetadataKeyQuantityClampedToLowerBound","General Keys",,,,"16.0","9.0","no",,"https://developer.apple.com/documentation/healthkit/hkmetadatakeyquantityclampedtolowerbound","https://aifitnessapi.com/healthkit-metadata-keys#key-hkmetadatakeyquantityclampedtolowerbound"
"HKMetadataKeyQuantityClampedToUpperBound","HKMetadataKeyQuantityClampedToUpperBound","General Keys",,,,"16.0","9.0","no",,"https://developer.apple.com/documentation/healthkit/hkmetadatakeyquantityclampedtoupperbound","https://aifitnessapi.com/healthkit-metadata-keys#key-hkmetadatakeyquantityclampedtoupperbound"
"HKMetadataKeyDateOfEarliestDataUsedForEstimate","HKMetadataKeyDateOfEarliestDataUsedForEstimate","Estimate Keys",,"NSDate","This key takes a Date value, indicating the earliest date from the data used by HealthKit to calculate the sample’s value.","15.0","8.0","no","The earliest date of data used to calculate the sample’s estimated value.","https://developer.apple.com/documentation/healthkit/hkmetadatakeydateofearliestdatausedforestimate","https://aifitnessapi.com/healthkit-metadata-keys#key-hkmetadatakeydateofearliestdatausedforestimate"
"HKMetadataKeySessionEstimate","HKMetadataKeySessionEstimate","Estimate Keys",,,,"16.0","9.0","no",,"https://developer.apple.com/documentation/healthkit/hkmetadatakeysessionestimate","https://aifitnessapi.com/healthkit-metadata-keys#key-hkmetadatakeysessionestimate"
"HKMetadataKeyDeviceSerialNumber","HKMetadataKeyDeviceSerialNumber","Device Information Keys",,"NSString","This key takes a string value.","8.0","2.0","no","The key for the serial number of the device that generated the data.","https://developer.apple.com/documentation/healthkit/hkmetadatakeydeviceserialnumber","https://aifitnessapi.com/healthkit-metadata-keys#key-hkmetadatakeydeviceserialnumber"
"HKMetadataKeyUDIDeviceIdentifier","HKMetadataKeyUDIDeviceIdentifier","Device Information Keys",,"NSString","This key takes a string value.","8.0","2.0","no","The device identifier portion of a device’s UDI (unique device identifier).","https://developer.apple.com/documentation/healthkit/hkmetadatakeyudideviceidentifier","https://aifitnessapi.com/healthkit-metadata-keys#key-hkmetadatakeyudideviceidentifier"
"HKMetadataKeyUDIProductionIdentifier","HKMetadataKeyUDIProductionIdentifier","Device Information Keys",,,,"8.0","2.0","no","The production identifier portion of a device’s UDI (unique device identifier).","https://developer.apple.com/documentation/healthkit/hkmetadatakeyudiproductionidentifier","https://aifitnessapi.com/healthkit-metadata-keys#key-hkmetadatakeyudiproductionidentifier"
"HKMetadataKeyDigitalSignature","HKMetadataKeyDigitalSignature","Device Information Keys",,,,"8.0","2.0","no","A digital signature that can be used to validate the origin of the HealthKit object.","https://developer.apple.com/documentation/healthkit/hkmetadatakeydigitalsignature","https://aifitnessapi.com/healthkit-metadata-keys#key-hkmetadatakeydigitalsignature"
"HKMetadataKeyDeviceName","HKMetadataKeyDeviceName","Device Information Keys",,"NSString","This key takes a string value.","8.0","2.0","no","The name of the device that took this reading.","https://developer.apple.com/documentation/healthkit/hkmetadatakeydevicename","https://aifitnessapi.com/healthkit-metadata-keys#key-hkmetadatakeydevicename"
"HKMetadataKeyDeviceManufacturerName","HKMetadataKeyDeviceManufacturerName","Device Information Keys",,"NSString","This key takes a string value.","8.0","2.0","no","The name of the manufacturer of the device that took this reading.","https://developer.apple.com/documentation/healthkit/hkmetadatakeydevicemanufacturername","https://aifitnessapi.com/healthkit-metadata-keys#key-hkmetadatakeydevicemanufacturername"
"HKMetadataKeyDevicePlacementSide","HKMetadataKeyDevicePlacementSide","Device Information Keys",,"NSNumber","This key takes an NSNumber that contains a value from HKDevicePlacementSide.","14.0","7.0","no","The key for metadata indicating the placement of the device that measured a sample.","https://developer.apple.com/documentation/healthkit/hkmetadatakeydeviceplacementside","https://aifitnessapi.com/healthkit-metadata-keys#key-hkmetadatakeydeviceplacementside"
"HKMetadataKeyAppleDeviceCalibrated","HKMetadataKeyAppleDeviceCalibrated","Device Information Keys",,"Boolean","This key takes a Boolean value.","14.0","7.0","no","The key for metadata indicating whether the system had data from a sufficient amount of calibrated sensors when recording the sample.","https://developer.apple.com/documentation/healthkit/hkmetadatakeyappledevicecalibrated","https://aifitnessapi.com/healthkit-metadata-keys#key-hkmetadatakeyappledevicecalibrated"
"HKMetadataKeySyncIdentifier","HKMetadataKeySyncIdentifier","Sync Keys",,"NSString","This key takes a string value.","11.0","4.0","no","A unique string that identifies a piece of data so it can be updated and synced.","https://developer.apple.com/documentation/healthkit/hkmetadatakeysyncidentifier","https://aifitnessapi.com/healthkit-metadata-keys#key-hkmetadatakeysyncidentifier"
"HKMetadataKeySyncVersion","HKMetadataKeySyncVersion","Sync Keys",,"NSNumber","This key takes an NSNumber as its value.","11.0","4.0","no","The version number for a piece of data, used when updating or syncing.","https://developer.apple.com/documentation/healthkit/hkmetadatakeysyncversion","https://aifitnessapi.com/healthkit-metadata-keys#key-hkmetadatakeysyncversion"
"HKMetadataKeyWasTakenInLab","HKMetadataKeyWasTakenInLab","Lab Keys",,"Boolean","Set this key’s value to true if the sample was taken by a lab; otherwise, set it to false.","8.0","2.0","no","A key that indicates whether the sample was taken in a lab.","https://developer.apple.com/documentation/healthkit/hkmetadatakeywastakeninlab","https://aifitnessapi.com/healthkit-metadata-keys#key-hkmetadatakeywastakeninlab"
"HKMetadataKeyReferenceRangeLowerLimit","HKMetadataKeyReferenceRangeLowerLimit","Lab Keys",,"NSNumber","This key takes an NSNumber value.","8.0","2.0","no","A key that indicates the lower limit of the reference range for a lab result.","https://developer.apple.com/documentation/healthkit/hkmetadatakeyreferencerangelowerlimit","https://aifitnessapi.com/healthkit-metadata-keys#key-hkmetadatakeyreferencerangelowerlimit"
"HKMetadataKeyReferenceRangeUpperLimit","HKMetadataKeyReferenceRangeUpperLimit","Lab Keys",,"NSNumber","This key takes an NSNumber value.","8.0","2.0","no","A key that indicates the upper limit of the reference range for a lab result.","https://developer.apple.com/documentation/healthkit/hkmetadatakeyreferencerangeupperlimit","https://aifitnessapi.com/healthkit-metadata-keys#key-hkmetadatakeyreferencerangeupperlimit"
"HKMetadataKeyBarometricPressure","HKMetadataKeyBarometricPressure","Weather Keys",,"HKQuantity","This key takes an HKQuantity value that measures the barometric pressure in units of pressure, such as atmosphere(), pascal(), or millimeterOfMercury().","14.0","7.0","no","The metadata key for the barometric pressure associated with a sample.","https://developer.apple.com/documentation/healthkit/hkmetadatakeybarometricpressure","https://aifitnessapi.com/healthkit-metadata-keys#key-hkmetadatakeybarometricpressure"
"HKMetadataKeyWeatherCondition","HKMetadataKeyWeatherCondition","Weather Keys",,"NSNumber","This key takes an an NSNumber value that contains an HKWeatherCondition value.","10.0","3.0","no","A key that represents the weather condition during the sample.","https://developer.apple.com/documentation/healthkit/hkmetadatakeyweathercondition","https://aifitnessapi.com/healthkit-metadata-keys#key-hkmetadatakeyweathercondition"
"HKMetadataKeyWeatherHumidity","HKMetadataKeyWeatherHumidity","Weather Keys",,"HKQuantity","This key takes an HKQuantity value expressed as a percentage.","10.0","3.0","no","A key that represents the weather humidity during the sample.","https://developer.apple.com/documentation/healthkit/hkmetadatakeyweatherhumidity","https://aifitnessapi.com/healthkit-metadata-keys#key-hkmetadatakeyweatherhumidity"
"HKMetadataKeyWeatherTemperature","HKMetadataKeyWeatherTemperature","Weather Keys",,"HKQuantity","This key takes an HKQuantity value expressed in a unit of temperature.","10.0","3.0","no","A key that represents the weather temperature during the sample.","https://developer.apple.com/documentation/healthkit/hkmetadatakeyweathertemperature","https://aifitnessapi.com/healthkit-metadata-keys#key-hkmetadatakeyweathertemperature"
"HKMetadataKeyActivityType","HKMetadataKeyActivityType","Workout Keys","Workout Type",,,"17.0","10.0","no",,"https://developer.apple.com/documentation/healthkit/hkmetadatakeyactivitytype","https://aifitnessapi.com/healthkit-metadata-keys#key-hkmetadatakeyactivitytype"
"HKMetadataKeyAppleFitnessPlusSession","HKMetadataKeyAppleFitnessPlusSession","Workout Keys","Workout Type",,,"17.0","10.0","no",,"https://developer.apple.com/documentation/healthkit/hkmetadatakeyapplefitnessplussession","https://aifitnessapi.com/healthkit-metadata-keys#key-hkmetadatakeyapplefitnessplussession"
"HKMetadataKeyCoachedWorkout","HKMetadataKeyCoachedWorkout","Workout Keys","Workout Type","Boolean","Set this key’s value to true if the workout was performed with a coach or personal trainer; otherwise, set it to false.","8.0","2.0","no","A key that indicates whether the workout was performed with a coach or personal trainer.","https://developer.apple.com/documentation/healthkit/hkmetadatakeycoachedworkout","https://aifitnessapi.com/healthkit-metadata-keys#key-hkmetadatakeycoachedworkout"
"HKMetadataKeyGroupFitness","HKMetadataKeyGroupFitness","Workout Keys","Workout Type","Boolean","Set this key’s value to true if the workout was part of a group fitness class; otherwise, set it tofalse.","8.0","2.0","no","A key that indicates whether the workout was performed as part of a group fitness class.","https://developer.apple.com/documentation/healthkit/hkmetadatakeygroupfitness","https://aifitnessapi.com/healthkit-metadata-keys#key-hkmetadatakeygroupfitness"
"HKMetadataKeyIndoorWorkout","HKMetadataKeyIndoorWorkout","Workout Keys","Workout Type","Boolean","Set this key’s value to true if the workout was performed indoors; otherwise, set it to false.","8.0","2.0","no","A key that indicates whether the workout was performed indoors.","https://developer.apple.com/documentation/healthkit/hkmetadatakeyindoorworkout","https://aifitnessapi.com/healthkit-metadata-keys#key-hkmetadatakeyindoorworkout"
"HKMetadataKeyWorkoutBrandName","HKMetadataKeyWorkoutBrandName","Workout Keys","Workout Type","NSString","This key takes a string value.","8.0","2.0","no","The brand name of a particular workout.","https://developer.apple.com/documentation/healthkit/hkmetadatakeyworkoutbrandname","https://aifitnessapi.com/healthkit-metadata-keys#key-hkmetadatakeyworkoutbrandname"
"HKMetadataKeyCyclingFunctionalThresholdPowerTestType","HKMetadataKeyCyclingFunctionalThresholdPowerTestType","Workout Keys","Cycling",,,"17.0","10.0","no",,"https://developer.apple.com/documentation/healthkit/hkmetadatakeycyclingfunctionalthresholdpowertesttype","https://aifitnessapi.com/healthkit-metadata-keys#key-hkmetadatakeycyclingfunctionalthresholdpowertesttype"
"HKMetadataKeyFitnessMachineDuration","HKMetadataKeyFitnessMachineDuration","Workout Keys","GymKit Fitness Equipment","HKQuantity","Set its value to an HKQuantity object with a time unit.","12.0","5.0","no","The workout duration displayed by a connected GymKit fitness machine.","https://developer.apple.com/documentation/healthkit/hkmetadatakeyfitnessmachineduration","https://aifitnessapi.com/healthkit-metadata-keys#key-hkmetadatakeyfitnessmachineduration"
"HKMetadataKeyCrossTrainerDistance","HKMetadataKeyCrossTrainerDistance","Workout Keys","GymKit Fitness Equipment","HKQuantity","Set its value to an HKQuantity object with a length unit.","12.0","5.0","no","The workout distance displayed by a connected GymKit cross-trainer machine.","https://developer.apple.com/documentation/healthkit/hkmetadatakeycrosstrainerdistance","https://aifitnessapi.com/healthkit-metadata-keys#key-hkmetadatakeycrosstrainerdistance"
"HKMetadataKeyIndoorBikeDistance","HKMetadataKeyIndoorBikeDistance","Workout Keys","GymKit Fitness Equipment","HKQuantity","Set its value to an HKQuantity object with a length unit.","12.0","5.0","no","The workout distance displayed by a connected GymKit exercise bike.","https://developer.apple.com/documentation/healthkit/hkmetadatakeyindoorbikedistance","https://aifitnessapi.com/healthkit-metadata-keys#key-hkmetadatakeyindoorbikedistance"
"HKMetadataKeyAverageMETs","HKMetadataKeyAverageMETs","Workout Keys","Intensity","HKQuantity","Set its value to an HKQuantity object with a METs unit (for example, kcal/(kg*hr)).","13.0","6.0","no","A key that indicates the average Metabolic Equivalent of Task (METs) during a workout.","https://developer.apple.com/documentation/healthkit/hkmetadatakeyaveragemets","https://aifitnessapi.com/healthkit-metadata-keys#key-hkmetadatakeyaveragemets"
"HKMetadataKeyPhysicalEffortEstimationType","HKMetadataKeyPhysicalEffortEstimationType","Workout Keys","Intensity",,,"17.0","10.0","no",,"https://developer.apple.com/documentation/healthkit/hkmetadatakeyphysicaleffortestimationtype","https://aifitnessapi.com/healthkit-metadata-keys#key-hkmetadatakeyphysicaleffortestimationtype"
"HKMetadataKeyAlpineSlopeGrade","HKMetadataKeyAlpineSlopeGrade","Workout Keys","Skiing and Snowboarding","HKQuantity","Set its value to an HKQuantity object with a percent unit, where 100% indicates a 45 degree slope.","11.2","4.2","no","A key that indicates the percent slope of a ski run.","https://developer.apple.com/documentation/healthkit/hkmetadatakeyalpineslopegrade","https://aifitnessapi.com/healthkit-metadata-keys#key-hkmetadatakeyalpineslopegrade"
"HKMetadataKeyElevationAscended","HKMetadataKeyElevationAscended","Workout Keys","Skiing and Snowboarding","HKQuantity","Set its value to an HKQuantity object with a length unit.","11.2","4.2","no","A key that indicates the cumulative elevation ascended during a workout.","https://developer.apple.com/documentation/healthkit/hkmetadatakeyelevationascended","https://aifitnessapi.com/healthkit-metadata-keys#key-hkmetadatakeyelevationascended"
"HKMetadataKeyElevationDescended","HKMetadataKeyElevationDescended","Workout Keys","Skiing and Snowboarding","HKQuantity","Set its value to an HKQuantity object with a length unit.","11.2","4.2","no","A key that indicates the cumulative elevation descended during a workout.","https://developer.apple.com/documentation/healthkit/hkmetadatakeyelevationdescended","https://aifitnessapi.com/healthkit-metadata-keys#key-hkmetadatakeyelevationdescended"
"HKMetadataKeyAverageSpeed","HKMetadataKeyAverageSpeed","Workout Keys","Speed","HKQuantity","Set its value to an HKQuantity object with a length/time unit (for example, m/s).","11.2","4.2","no","A key that indicates the average speed during a workout.","https://developer.apple.com/documentation/healthkit/hkmetadatakeyaveragespeed","https://aifitnessapi.com/healthkit-metadata-keys#key-hkmetadatakeyaveragespeed"
"HKMetadataKeyMaximumSpeed","HKMetadataKeyMaximumSpeed","Workout Keys","Speed","HKQuantity","Set its value to an HKQuantity object with a length/time unit (for example, m/s).","11.2","4.2","no","A key that indicates the maximum speed during a workout.","https://developer.apple.com/documentation/healthkit/hkmetadatakeymaximumspeed","https://aifitnessapi.com/healthkit-metadata-keys#key-hkmetadatakeymaximumspeed"
"HKMetadataKeySwimmingLocationType","HKMetadataKeySwimmingLocationType","Workout Keys","Swimming","NSNumber","Set its value to an NSNumber object that contains a valid value from the HKWorkoutSwimmingLocationType enumeration.","10.0","3.0","no","A key that indicates the location for a swimming workout.","https://developer.apple.com/documentation/healthkit/hkmetadatakeyswimminglocationtype","https://aifitnessapi.com/healthkit-metadata-keys#key-hkmetadatakeyswimminglocationtype"
"HKMetadataKeySwimmingStrokeStyle","HKMetadataKeySwimmingStrokeStyle","Workout Keys","Swimming","NSNumber","Set its value to an NSNumber object that contains a valid value from the HKSwimmingStrokeStyle enumeration.","10.0","3.0","no","A key that indicates the predominant stroke style for a lap of swimming.","https://developer.apple.com/documentation/healthkit/hkmetadatakeyswimmingstrokestyle","https://aifitnessapi.com/healthkit-metadata-keys#key-hkmetadatakeyswimmingstrokestyle"
"HKMetadataKeyLapLength","HKMetadataKeyLapLength","Workout Keys","Swimming","HKQuantity","Set its value to an HKQuantity object that uses length units (described in HKUnit).","10.0","3.0","no","A key that indicates the length of a lap during a workout.","https://developer.apple.com/documentation/healthkit/hkmetadatakeylaplength","https://aifitnessapi.com/healthkit-metadata-keys#key-hkmetadatakeylaplength"
"HKMetadataKeySWOLFScore","HKMetadataKeySWOLFScore","Workout Keys","Swimming",,,"16.0","9.0","no",,"https://developer.apple.com/documentation/healthkit/hkmetadatakeyswolfscore","https://aifitnessapi.com/healthkit-metadata-keys#key-hkmetadatakeyswolfscore"
"HKMetadataKeyWaterSalinity","HKMetadataKeyWaterSalinity","Workout Keys","Swimming",,,"17.0","10.0","no",,"https://developer.apple.com/documentation/healthkit/hkmetadatakeywatersalinity","https://aifitnessapi.com/healthkit-metadata-keys#key-hkmetadatakeywatersalinity"
"HKMetadataKeyVO2MaxValue","HKMetadataKeyVO2MaxValue","Cardio Fitness Keys",,"HKQuantity","The value of this key is an HKQuantity object with a unit of ml/kg/min.","14.3","7.2","no","The maximum oxygen consumption rate during exercise of increasing intensity.","https://developer.apple.com/documentation/healthkit/hkmetadatakeyvo2maxvalue","https://aifitnessapi.com/healthkit-metadata-keys#key-hkmetadatakeyvo2maxvalue"
"HKMetadataKeyLowCardioFitnessEventThreshold","HKMetadataKeyLowCardioFitnessEventThreshold","Cardio Fitness Keys",,"HKQuantity","The value of this key is an HKQuantity object with a unit of ml/kg/min.","14.3","7.2","no","The VO2 max threshold used to categorize low-level cardio fitness events.","https://developer.apple.com/documentation/healthkit/hkmetadatakeylowcardiofitnesseventthreshold","https://aifitnessapi.com/healthkit-metadata-keys#key-hkmetadatakeylowcardiofitnesseventthreshold"
"HKMetadataKeyUserMotionContext","HKMetadataKeyUserMotionContext","Motion Keys",,,,"16.0","9.0","no","The person’s motion during the sample’s time period.","https://developer.apple.com/documentation/healthkit/hkmetadatakeyusermotioncontext","https://aifitnessapi.com/healthkit-metadata-keys#key-hkmetadatakeyusermotioncontext"
"HKMetadataKeyFoodType","HKMetadataKeyFoodType","Nutrition Keys",,"NSString","This key takes a string value.","8.0","2.0","no","The type of food that the HealthKit object represents.","https://developer.apple.com/documentation/healthkit/hkmetadatakeyfoodtype","https://aifitnessapi.com/healthkit-metadata-keys#key-hkmetadatakeyfoodtype"
"HKMetadataKeyBodyTemperatureSensorLocation","HKMetadataKeyBodyTemperatureSensorLocation","Vitals Sensors Keys",,"NSNumber","This key takes an NSNumber object whose value is HKBodyTemperatureSensorLocation.","8.0","2.0","no","The location where a specific body temperature reading was taken.","https://developer.apple.com/documentation/healthkit/hkmetadatakeybodytemperaturesensorlocation","https://aifitnessapi.com/healthkit-metadata-keys#key-hkmetadatakeybodytemperaturesensorlocation"
"HKMetadataKeyHeartRateSensorLocation","HKMetadataKeyHeartRateSensorLocation","Vitals Sensors Keys",,"NSNumber","This key takes an NSNumber containing an HKHeartRateSensorLocation as its value.","8.0","2.0","no","The location where a specific heart rate reading was taken.","https://developer.apple.com/documentation/healthkit/hkmetadatakeyheartratesensorlocation","https://aifitnessapi.com/healthkit-metadata-keys#key-hkmetadatakeyheartratesensorlocation"
"HKMetadataKeyHeartRateMotionContext","HKMetadataKeyHeartRateMotionContext","Vitals Sensors Keys",,"NSNumber","This key takes an NSNumber containing an HKHeartRateMotionContext as its value.","11.0","4.0","no","The user’s activity level when the heart rate sample was measured.","https://developer.apple.com/documentation/healthkit/hkmetadatakeyheartratemotioncontext","https://aifitnessapi.com/healthkit-metadata-keys#key-hkmetadatakeyheartratemotioncontext"
"HKMetadataKeyHeartRateRecoveryActivityDuration","HKMetadataKeyHeartRateRecoveryActivityDuration","Vitals Sensors Keys",,,,"16.0","9.0","no",,"https://developer.apple.com/documentation/healthkit/hkmetadatakeyheartraterecoveryactivityduration","https://aifitnessapi.com/healthkit-metadata-keys#key-hkmetadatakeyheartraterecoveryactivityduration"
"HKMetadataKeyHeartRateRecoveryActivityType","HKMetadataKeyHeartRateRecoveryActivityType","Vitals Sensors Keys",,,,"16.0","9.0","no",,"https://developer.apple.com/documentation/healthkit/hkmetadatakeyheartraterecoveryactivitytype","https://aifitnessapi.com/healthkit-metadata-keys#key-hkmetadatakeyheartraterecoveryactivitytype"
"HKMetadataKeyHeartRateRecoveryMaxObservedRecoveryHeartRate","HKMetadataKeyHeartRateRecoveryMaxObservedRecoveryHeartRate","Vitals Sensors Keys",,,,"16.0","9.0","no",,"https://developer.apple.com/documentation/healthkit/hkmetadatakeyheartraterecoverymaxobservedrecoveryheartrate","https://aifitnessapi.com/healthkit-metadata-keys#key-hkmetadatakeyheartraterecoverymaxobservedrecoveryheartrate"
"HKMetadataKeyHeartRateRecoveryTestType","HKMetadataKeyHeartRateRecoveryTestType","Vitals Sensors Keys",,,,"16.0","9.0","no","The type of test that the source used to calculate a person’s heart-rate recovery.","https://developer.apple.com/documentation/healthkit/hkmetadatakeyheartraterecoverytesttype","https://aifitnessapi.com/healthkit-metadata-keys#key-hkmetadatakeyheartraterecoverytesttype"
"HKMetadataKeyVO2MaxTestType","HKMetadataKeyVO2MaxTestType","Vitals Sensors Keys",,"NSNumber","This key takes an NSNumber object containing a HKVO2MaxTestType value.","11.0","4.0","no","The method used to calculate the user’s VO2 max rate.","https://developer.apple.com/documentation/healthkit/hkmetadatakeyvo2maxtesttype","https://aifitnessapi.com/healthkit-metadata-keys#key-hkmetadatakeyvo2maxtesttype"
"HKMetadataKeyAudioExposureLevel","HKMetadataKeyAudioExposureLevel","Audio Event Keys",,"HKQuantity","It takes an HKQuantity containing the audio level measured in decibelAWeightedSoundPressureLevel() units.","13.0","6.0","no","The audio level associated with an audio event.","https://developer.apple.com/documentation/healthkit/hkmetadatakeyaudioexposurelevel","https://aifitnessapi.com/healthkit-metadata-keys#key-hkmetadatakeyaudioexposurelevel"
"HKMetadataKeyAudioExposureDuration","HKMetadataKeyAudioExposureDuration","Audio Event Keys",,"HKQuantity","It takes an HKQuantity containing the audio level measured in units of time.","14.2","7.1","no","The audio exposure event’s duration.","https://developer.apple.com/documentation/healthkit/hkmetadatakeyaudioexposureduration","https://aifitnessapi.com/healthkit-metadata-keys#key-hkmetadatakeyaudioexposureduration"
"HKMetadataKeyHeadphoneGain","HKMetadataKeyHeadphoneGain","Audio Event Keys",,,,"16.4","9.4","no",,"https://developer.apple.com/documentation/healthkit/hkmetadatakeyheadphonegain","https://aifitnessapi.com/healthkit-metadata-keys#key-hkmetadatakeyheadphonegain"
"HKMetadataKeyBloodGlucoseMealTime","HKMetadataKeyBloodGlucoseMealTime","Blood Glucose Keys",,"NSNumber","Set it’s value to an NSNumber object containing a HKBloodGlucoseMealTime value.","11.0","4.0","no","A key that indicates the relative timing of a blood glucose reading to a meal.","https://developer.apple.com/documentation/healthkit/hkmetadatakeybloodglucosemealtime","https://aifitnessapi.com/healthkit-metadata-keys#key-hkmetadatakeybloodglucosemealtime"
"HKMetadataKeyInsulinDeliveryReason","HKMetadataKeyInsulinDeliveryReason","Blood Glucose Keys",,"NSNumber","It takes an NSNumber object containing a HKInsulinDeliveryReason value.","11.0","4.0","no","The medical reason for administering insulin.","https://developer.apple.com/documentation/healthkit/hkmetadatakeyinsulindeliveryreason","https://aifitnessapi.com/healthkit-metadata-keys#key-hkmetadatakeyinsulindeliveryreason"
"HKMetadataKeyMenstrualCycleStart","HKMetadataKeyMenstrualCycleStart","Reproductive Health Keys",,"Boolean","Set this key’s value to true if the sample represents the start of a menstrual cycle; otherwise, set it to false.","9.0","2.0","no","A key that indicates whether the sample represents the start of a menstrual cycle. This metadata key is required for menstrualFlow category samples.","https://developer.apple.com/documentation/healthkit/hkmetadatakeymenstrualcyclestart","https://aifitnessapi.com/healthkit-metadata-keys#key-hkmetadatakeymenstrualcyclestart"
"HKMetadataKeySexualActivityProtectionUsed","HKMetadataKeySexualActivityProtectionUsed","Reproductive Health Keys",,"Boolean","Set this key’s value to true if protection was used during sexual activity; otherwise, set it to false.","9.0","2.0","no","A key that indicates whether protection was used during sexual activity. This metadata key can be used with sexualActivity category samples.","https://developer.apple.com/documentation/healthkit/hkmetadatakeysexualactivityprotectionused","https://aifitnessapi.com/healthkit-metadata-keys#key-hkmetadatakeysexualactivityprotectionused"
"HKMetadataKeyAlgorithmVersion","HKMetadataKeyAlgorithmVersion","Algorithm Keys",,"NSNumber","This key takes an NSNumber containing an NSInteger.","15.0","8.0","no","A key that indicates the version number of the algorithm used to calculate the sample’s value.","https://developer.apple.com/documentation/healthkit/hkmetadatakeyalgorithmversion","https://aifitnessapi.com/healthkit-metadata-keys#key-hkmetadatakeyalgorithmversion"
"HKMetadataKeyAppleECGAlgorithmVersion","HKMetadataKeyAppleECGAlgorithmVersion","Algorithm Keys",,,,"14.0","7.0","no","A key for metadata indicating the version number of the algorithm Apple Watch uses to generate an ECG reading.","https://developer.apple.com/documentation/healthkit/hkmetadatakeyappleecgalgorithmversion","https://aifitnessapi.com/healthkit-metadata-keys#key-hkmetadatakeyappleecgalgorithmversion"