className,qualifiedName,dataType,category,recordShape,unitClass,mandatoryFields,readPermissions,writePermissions,permissionEvidence,aggregateMetrics,addedIn,featureFlag,deprecated,description,googleDocs,sourceUpdated,page
"ActiveCaloriesBurnedRecord","androidx.health.connect.client.records.ActiveCaloriesBurnedRecord","Active calories burned","Activity","Interval","Energy","endTime; energy; metadata; startTime","android.permission.health.READ_ACTIVE_CALORIES_BURNED","android.permission.health.WRITE_ACTIVE_CALORIES_BURNED","Google's data-types table, row ""Active calories burned"" (ActiveCaloriesBurnedRecord): android.permission.health.READ_ACTIVE_CALORIES_BURNED, android.permission.health.WRITE_ACTIVE_CALORIES_BURNED","ActiveCaloriesBurnedRecord.ACTIVE_CALORIES_TOTAL","1.1.0",,"no","Captures the estimated active energy burned by the user (in kilocalories), excluding basal metabolic rate (BMR). Each record represents the total kilocalories burned over a time interval, so both the start and end times should be set.","https://developer.android.com/reference/kotlin/androidx/health/connect/client/records/ActiveCaloriesBurnedRecord","2026-06-24","https://aifitnessapi.com/health-connect/active-calories-burned-record"
"ActivityIntensityRecord","androidx.health.connect.client.records.ActivityIntensityRecord","Activity intensity","Activity","Interval",,"activityIntensityType; endTime; metadata; startTime","android.permission.health.READ_ACTIVITY_INTENSITY","android.permission.health.WRITE_ACTIVITY_INTENSITY","Google's data-types table, row ""Activity intensity"" (ActivityIntensityRecord): android.permission.health.READ_ACTIVITY_INTENSITY, android.permission.health.WRITE_ACTIVITY_INTENSITY","ActivityIntensityRecord.DURATION_TOTAL; ActivityIntensityRecord.INTENSITY_MINUTES_TOTAL; ActivityIntensityRecord.MODERATE_DURATION_TOTAL; ActivityIntensityRecord.VIGOROUS_DURATION_TOTAL","1.2.0-alpha06","FEATURE_ACTIVITY_INTENSITY","no","Represents intensity of an activity.","https://developer.android.com/reference/kotlin/androidx/health/connect/client/records/ActivityIntensityRecord","2026-08-26","https://aifitnessapi.com/health-connect/activity-intensity-record"
"BasalBodyTemperatureRecord","androidx.health.connect.client.records.BasalBodyTemperatureRecord","Basal body temperature","Cycle Tracking","Instantaneous","Temperature","temperature; measurementLocation; metadata; time","android.permission.health.READ_BASAL_BODY_TEMPERATURE","android.permission.health.WRITE_BASAL_BODY_TEMPERATURE","Google's data-types table, row ""Basal body temperature"" (BasalBodyTemperatureRecord): android.permission.health.READ_BASAL_BODY_TEMPERATURE, android.permission.health.WRITE_BASAL_BODY_TEMPERATURE",,"1.1.0",,"no","Captures the body temperature of a user when at rest (for example, immediately after waking up). Can be used for checking the fertility window. Each data point represents a single instantaneous body temperature measurement.","https://developer.android.com/reference/kotlin/androidx/health/connect/client/records/BasalBodyTemperatureRecord","2026-06-24","https://aifitnessapi.com/health-connect/basal-body-temperature-record"
"BasalMetabolicRateRecord","androidx.health.connect.client.records.BasalMetabolicRateRecord","Basal metabolic rate","Body Measurement","Instantaneous","Power","basalMetabolicRate; metadata; time","android.permission.health.READ_BASAL_METABOLIC_RATE","android.permission.health.WRITE_BASAL_METABOLIC_RATE","Google's data-types table, row ""Basal metabolic rate"" (BasalMetabolicRateRecord): android.permission.health.READ_BASAL_METABOLIC_RATE, android.permission.health.WRITE_BASAL_METABOLIC_RATE","BasalMetabolicRateRecord.BASAL_CALORIES_TOTAL","1.1.0",,"no","Captures the BMR of a user. Each record represents the energy a user would burn if at rest all day, based on their height and weight.","https://developer.android.com/reference/kotlin/androidx/health/connect/client/records/BasalMetabolicRateRecord","2026-06-24","https://aifitnessapi.com/health-connect/basal-metabolic-rate-record"
"BloodGlucoseRecord","androidx.health.connect.client.records.BloodGlucoseRecord","Blood glucose","Vitals","Instantaneous",,"level; specimenSource; mealType; relationToMeal; metadata; time","android.permission.health.READ_BLOOD_GLUCOSE","android.permission.health.WRITE_BLOOD_GLUCOSE","Google's data-types table, row ""Blood glucose"" (BloodGlucoseRecord): android.permission.health.READ_BLOOD_GLUCOSE, android.permission.health.WRITE_BLOOD_GLUCOSE",,"1.1.0",,"no","Captures the concentration of glucose in the blood. Each record represents a single instantaneous blood glucose reading.","https://developer.android.com/reference/kotlin/androidx/health/connect/client/records/BloodGlucoseRecord","2026-06-24","https://aifitnessapi.com/health-connect/blood-glucose-record"
"BloodPressureRecord","androidx.health.connect.client.records.BloodPressureRecord","Blood pressure","Vitals","Instantaneous","Pressure","systolic; diastolic; bodyPosition; measurementLocation; metadata; time","android.permission.health.READ_BLOOD_PRESSURE","android.permission.health.WRITE_BLOOD_PRESSURE","Google's data-types table, row ""Blood pressure"" (BloodPressureRecord): android.permission.health.READ_BLOOD_PRESSURE, android.permission.health.WRITE_BLOOD_PRESSURE","BloodPressureRecord.DIASTOLIC_AVG; BloodPressureRecord.DIASTOLIC_MAX; BloodPressureRecord.DIASTOLIC_MIN; BloodPressureRecord.SYSTOLIC_AVG; BloodPressureRecord.SYSTOLIC_MAX; BloodPressureRecord.SYSTOLIC_MIN","1.1.0",,"no","Captures the blood pressure of a user. Each record represents a single instantaneous blood pressure reading.","https://developer.android.com/reference/kotlin/androidx/health/connect/client/records/BloodPressureRecord","2026-06-24","https://aifitnessapi.com/health-connect/blood-pressure-record"
"BodyFatRecord","androidx.health.connect.client.records.BodyFatRecord","Body fat","Body Measurement","Instantaneous",,"percentage; metadata; time","android.permission.health.READ_BODY_FAT","android.permission.health.WRITE_BODY_FAT","Google's data-types table, row ""Body fat"" (BodyFatRecord): android.permission.health.READ_BODY_FAT, android.permission.health.WRITE_BODY_FAT",,"1.1.0",,"no","Captures the body fat percentage of a user. Each record represents a person's total body fat as a percentage of their total body mass.","https://developer.android.com/reference/kotlin/androidx/health/connect/client/records/BodyFatRecord","2026-06-24","https://aifitnessapi.com/health-connect/body-fat-record"
"BodyTemperatureRecord","androidx.health.connect.client.records.BodyTemperatureRecord","Body temperature","Vitals","Instantaneous","Temperature","temperature; measurementLocation; metadata; time","android.permission.health.READ_BODY_TEMPERATURE","android.permission.health.WRITE_BODY_TEMPERATURE","Google's data-types table, row ""Body temperature"" (BodyTemperatureRecord): android.permission.health.READ_BODY_TEMPERATURE, android.permission.health.WRITE_BODY_TEMPERATURE",,"1.1.0",,"no","Captures the body temperature of a user. Each record represents a single instantaneous body temperature measurement.","https://developer.android.com/reference/kotlin/androidx/health/connect/client/records/BodyTemperatureRecord","2026-06-24","https://aifitnessapi.com/health-connect/body-temperature-record"
"BodyWaterMassRecord","androidx.health.connect.client.records.BodyWaterMassRecord","Body water mass","Body Measurement","Instantaneous","Mass","mass; metadata; time","android.permission.health.READ_BODY_WATER_MASS","android.permission.health.WRITE_BODY_WATER_MASS","Google's data-types table, row ""Body water mass"" (BodyWaterMassRecord): android.permission.health.READ_BODY_WATER_MASS, android.permission.health.WRITE_BODY_WATER_MASS",,"1.1.0",,"no","Captures the user's body water mass. Each record represents a single instantaneous measurement.","https://developer.android.com/reference/kotlin/androidx/health/connect/client/records/BodyWaterMassRecord","2026-06-24","https://aifitnessapi.com/health-connect/body-water-mass-record"
"BoneMassRecord","androidx.health.connect.client.records.BoneMassRecord","Bone mass","Body Measurement","Instantaneous","Mass","mass; metadata; time","android.permission.health.READ_BONE_MASS","android.permission.health.WRITE_BONE_MASS","Google's data-types table, row ""Bone mass"" (BoneMassRecord): android.permission.health.READ_BONE_MASS, android.permission.health.WRITE_BONE_MASS",,"1.1.0",,"no","Captures the user's bone mass. Each record represents a single instantaneous measurement.","https://developer.android.com/reference/kotlin/androidx/health/connect/client/records/BoneMassRecord","2026-06-24","https://aifitnessapi.com/health-connect/bone-mass-record"
"CervicalMucusRecord","androidx.health.connect.client.records.CervicalMucusRecord","Cervical mucus","Cycle Tracking","Instantaneous",,"appearance; sensation; metadata; time","android.permission.health.READ_CERVICAL_MUCUS","android.permission.health.WRITE_CERVICAL_MUCUS","Google's data-types table, row ""Cervical mucus"" (CervicalMucusRecord): android.permission.health.READ_CERVICAL_MUCUS, android.permission.health.WRITE_CERVICAL_MUCUS",,"1.1.0",,"no","Captures the description of cervical mucus. Each record represents a self-assessed description of cervical mucus for a user. All fields are optional and can be used to describe the look and feel of cervical mucus.","https://developer.android.com/reference/kotlin/androidx/health/connect/client/records/CervicalMucusRecord","2026-06-24","https://aifitnessapi.com/health-connect/cervical-mucus-record"
"CyclingPedalingCadenceRecord","androidx.health.connect.client.records.CyclingPedalingCadenceRecord","Cycling pedaling cadence","Activity","Series",,"samples; endTime; metadata; startTime","android.permission.health.READ_EXERCISE","android.permission.health.WRITE_EXERCISE","Google's data-types table, row ""Cycling pedaling cadence"" (CyclingPedalingCadenceRecord): android.permission.health.READ_EXERCISE, android.permission.health.WRITE_EXERCISE","CyclingPedalingCadenceRecord.RPM_AVG; CyclingPedalingCadenceRecord.RPM_MAX; CyclingPedalingCadenceRecord.RPM_MIN","1.1.0",,"no","Captures the user's cycling pedaling cadence. Each record represents a series of measurements.","https://developer.android.com/reference/kotlin/androidx/health/connect/client/records/CyclingPedalingCadenceRecord","2026-06-24","https://aifitnessapi.com/health-connect/cycling-pedaling-cadence-record"
"DistanceRecord","androidx.health.connect.client.records.DistanceRecord","Distance","Activity","Interval","Length","distance; endTime; metadata; startTime","android.permission.health.READ_DISTANCE","android.permission.health.WRITE_DISTANCE","Google's data-types table, row ""Distance"" (DistanceRecord): android.permission.health.READ_DISTANCE, android.permission.health.WRITE_DISTANCE","DistanceRecord.DISTANCE_TOTAL","1.1.0",,"no","Captures distance travelled by the user since the last reading. The total distance over an interval can be calculated by adding together all the values during the interval. The start time of each record should represent the start of the interval in which the distance was covered.","https://developer.android.com/reference/kotlin/androidx/health/connect/client/records/DistanceRecord","2026-06-24","https://aifitnessapi.com/health-connect/distance-record"
"ElevationGainedRecord","androidx.health.connect.client.records.ElevationGainedRecord","Elevation gained","Activity","Interval","Length","elevation; endTime; metadata; startTime","android.permission.health.READ_ELEVATION_GAINED","android.permission.health.WRITE_ELEVATION_GAINED","Google's data-types table, row ""Elevation gained"" (ElevationGainedRecord): android.permission.health.READ_ELEVATION_GAINED, android.permission.health.WRITE_ELEVATION_GAINED","ElevationGainedRecord.ELEVATION_GAINED_TOTAL","1.1.0",,"no","Captures the elevation gained by the user since the last reading.","https://developer.android.com/reference/kotlin/androidx/health/connect/client/records/ElevationGainedRecord","2026-06-24","https://aifitnessapi.com/health-connect/elevation-gained-record"
"ExerciseSessionRecord","androidx.health.connect.client.records.ExerciseSessionRecord","Exercise","Activity","Interval",,"exerciseType; endTime; laps; metadata; segments; startTime","android.permission.health.READ_EXERCISE; android.permission.health.READ_EXERCISE_ROUTE","android.permission.health.WRITE_EXERCISE; android.permission.health.WRITE_EXERCISE_ROUTE","Google's data-types table, row ""Exercise"" (ExerciseSessionRecord): android.permission.health.READ_EXERCISE, android.permission.health.READ_EXERCISE_ROUTE, android.permission.health.WRITE_EXERCISE, android.permission.health.WRITE_EXERCISE_ROUTE","ExerciseSessionRecord.EXERCISE_DURATION_TOTAL","1.1.0",,"no","Captures any exercise a user does. This can be common fitness exercise like running or different sports.","https://developer.android.com/reference/kotlin/androidx/health/connect/client/records/ExerciseSessionRecord","2026-08-26","https://aifitnessapi.com/health-connect/exercise-session-record"
"FloorsClimbedRecord","androidx.health.connect.client.records.FloorsClimbedRecord","Floors climbed","Activity","Interval",,"floors; endTime; metadata; startTime","android.permission.health.READ_FLOORS_CLIMBED","android.permission.health.WRITE_FLOORS_CLIMBED","Google's data-types table, row ""Floors climbed"" (FloorsClimbedRecord): android.permission.health.READ_FLOORS_CLIMBED, android.permission.health.WRITE_FLOORS_CLIMBED","FloorsClimbedRecord.FLOORS_CLIMBED_TOTAL","1.1.0",,"no","Captures the number of floors climbed by the user since the last reading.","https://developer.android.com/reference/kotlin/androidx/health/connect/client/records/FloorsClimbedRecord","2026-06-24","https://aifitnessapi.com/health-connect/floors-climbed-record"
"HeartRateRecord","androidx.health.connect.client.records.HeartRateRecord","Heart rate","Vitals","Series",,"samples; endTime; metadata; startTime","android.permission.health.READ_HEART_RATE","android.permission.health.WRITE_HEART_RATE","Google's data-types table, row ""Heart rate"" (HeartRateRecord): android.permission.health.READ_HEART_RATE, android.permission.health.WRITE_HEART_RATE","HeartRateRecord.BPM_AVG; HeartRateRecord.BPM_MAX; HeartRateRecord.BPM_MIN; HeartRateRecord.MEASUREMENTS_COUNT","1.1.0",,"no","Captures the user's heart rate. Each record represents a series of measurements.","https://developer.android.com/reference/kotlin/androidx/health/connect/client/records/HeartRateRecord","2026-06-24","https://aifitnessapi.com/health-connect/heart-rate-record"
"HeartRateVariabilityRmssdRecord","androidx.health.connect.client.records.HeartRateVariabilityRmssdRecord","Heart rate variability","Vitals","Instantaneous",,"heartRateVariabilityMillis; metadata; time","android.permission.health.READ_HEART_RATE_VARIABILITY","android.permission.health.WRITE_HEART_RATE_VARIABILITY","Google's data-types table, row ""Heart rate variability"" (HeartRateVariabilityRmssdRecord): android.permission.health.READ_HEART_RATE_VARIABILITY, android.permission.health.WRITE_HEART_RATE_VARIABILITY",,"1.1.0",,"no","Captures user's heart rate variability (HRV) as measured by the root mean square of successive differences (RMSSD) between normal heartbeats.","https://developer.android.com/reference/kotlin/androidx/health/connect/client/records/HeartRateVariabilityRmssdRecord","2026-06-24","https://aifitnessapi.com/health-connect/heart-rate-variability-rmssd-record"
"HeightRecord","androidx.health.connect.client.records.HeightRecord","Height","Body Measurement","Instantaneous","Length","height; metadata; time","android.permission.health.READ_HEIGHT","android.permission.health.WRITE_HEIGHT","Google's data-types table, row ""Height"" (HeightRecord): android.permission.health.READ_HEIGHT, android.permission.health.WRITE_HEIGHT","HeightRecord.HEIGHT_AVG; HeightRecord.HEIGHT_MAX; HeightRecord.HEIGHT_MIN","1.1.0",,"no","Captures the user's height.","https://developer.android.com/reference/kotlin/androidx/health/connect/client/records/HeightRecord","2026-06-24","https://aifitnessapi.com/health-connect/height-record"
"HydrationRecord","androidx.health.connect.client.records.HydrationRecord","Hydration","Nutrition","Interval","Volume","endTime; metadata; startTime; volume","android.permission.health.READ_HYDRATION","android.permission.health.WRITE_HYDRATION","Google's data-types table, row ""Hydration"" (HydrationRecord): android.permission.health.READ_HYDRATION, android.permission.health.WRITE_HYDRATION","HydrationRecord.VOLUME_TOTAL","1.1.0",,"no","Captures how much water a user drank in a single drink.","https://developer.android.com/reference/kotlin/androidx/health/connect/client/records/HydrationRecord","2026-06-24","https://aifitnessapi.com/health-connect/hydration-record"
"IntermenstrualBleedingRecord","androidx.health.connect.client.records.IntermenstrualBleedingRecord","Intermenstrual bleeding","Cycle Tracking","Instantaneous",,"metadata; time","android.permission.health.READ_INTERMENSTRUAL_BLEEDING","android.permission.health.WRITE_INTERMENSTRUAL_BLEEDING","Google's data-types table, row ""Intermenstrual bleeding"" (IntermenstrualBleedingRecord): android.permission.health.READ_INTERMENSTRUAL_BLEEDING, android.permission.health.WRITE_INTERMENSTRUAL_BLEEDING",,"1.1.0",,"no","Captures an instance of user's intermenstrual bleeding, also known as spotting.","https://developer.android.com/reference/kotlin/androidx/health/connect/client/records/IntermenstrualBleedingRecord","2026-06-24","https://aifitnessapi.com/health-connect/intermenstrual-bleeding-record"
"LeanBodyMassRecord","androidx.health.connect.client.records.LeanBodyMassRecord","Lean body mass","Body Measurement","Instantaneous","Mass","mass; metadata; time","android.permission.health.READ_LEAN_BODY_MASS","android.permission.health.WRITE_LEAN_BODY_MASS","Google's data-types table, row ""Lean body mass"" (LeanBodyMassRecord): android.permission.health.READ_LEAN_BODY_MASS, android.permission.health.WRITE_LEAN_BODY_MASS",,"1.1.0",,"no","Captures the user's lean body mass. Each record represents a single instantaneous measurement.","https://developer.android.com/reference/kotlin/androidx/health/connect/client/records/LeanBodyMassRecord","2026-06-24","https://aifitnessapi.com/health-connect/lean-body-mass-record"
"MenstruationFlowRecord","androidx.health.connect.client.records.MenstruationFlowRecord","Menstruation","Cycle Tracking","Instantaneous",,"flow; metadata; time","android.permission.health.READ_MENSTRUATION","android.permission.health.WRITE_MENSTRUATION","Google's data-types table, row ""Menstruation"" (MenstruationFlowRecord, MenstruationPeriodRecord): android.permission.health.READ_MENSTRUATION, android.permission.health.WRITE_MENSTRUATION",,"1.1.0",,"no","Captures a description of how heavy a user's menstrual flow was (light, medium, or heavy). Each record represents a description of how heavy the user's menstrual bleeding was.","https://developer.android.com/reference/kotlin/androidx/health/connect/client/records/MenstruationFlowRecord","2026-06-24","https://aifitnessapi.com/health-connect/menstruation-flow-record"
"MenstruationPeriodRecord","androidx.health.connect.client.records.MenstruationPeriodRecord","Menstruation","Cycle Tracking","Interval",,"endTime; metadata; startTime","android.permission.health.READ_MENSTRUATION","android.permission.health.WRITE_MENSTRUATION","Google's data-types table, row ""Menstruation"" (MenstruationFlowRecord, MenstruationPeriodRecord): android.permission.health.READ_MENSTRUATION, android.permission.health.WRITE_MENSTRUATION",,"1.1.0",,"no","Captures user's menstruation periods.","https://developer.android.com/reference/kotlin/androidx/health/connect/client/records/MenstruationPeriodRecord","2026-06-24","https://aifitnessapi.com/health-connect/menstruation-period-record"
"MindfulnessSessionRecord","androidx.health.connect.client.records.MindfulnessSessionRecord","Mindfulness","Wellness","Interval",,"endTime; metadata; mindfulnessSessionType; startTime","android.permission.health.READ_MINDFULNESS","android.permission.health.WRITE_MINDFULNESS","Google's data-types table, row ""Mindfulness"" (MindfulnessSessionRecord): android.permission.health.READ_MINDFULNESS, android.permission.health.WRITE_MINDFULNESS","MindfulnessSessionRecord.MINDFULNESS_DURATION_TOTAL","1.1.0","FEATURE_MINDFULNESS_SESSION","no","Captures any mindfulness session a user does. This can be mindfulness sessions like meditation, breathing.","https://developer.android.com/reference/kotlin/androidx/health/connect/client/records/MindfulnessSessionRecord","2026-06-24","https://aifitnessapi.com/health-connect/mindfulness-session-record"
"NutritionRecord","androidx.health.connect.client.records.NutritionRecord","Nutrition","Nutrition","Interval","Mass","endTime; mealType; metadata; startTime","android.permission.health.READ_NUTRITION","android.permission.health.WRITE_NUTRITION","Google's data-types table, row ""Nutrition"" (NutritionRecord): android.permission.health.READ_NUTRITION, android.permission.health.WRITE_NUTRITION","NutritionRecord.BIOTIN_TOTAL; NutritionRecord.CAFFEINE_TOTAL; NutritionRecord.CALCIUM_TOTAL; NutritionRecord.CHLORIDE_TOTAL; NutritionRecord.CHOLESTEROL_TOTAL; NutritionRecord.CHROMIUM_TOTAL; NutritionRecord.COPPER_TOTAL; NutritionRecord.DIETARY_FIBER_TOTAL; NutritionRecord.ENERGY_FROM_FAT_TOTAL; NutritionRecord.ENERGY_TOTAL; NutritionRecord.FOLATE_TOTAL; NutritionRecord.FOLIC_ACID_TOTAL; NutritionRecord.IODINE_TOTAL; NutritionRecord.IRON_TOTAL; NutritionRecord.MAGNESIUM_TOTAL; NutritionRecord.MANGANESE_TOTAL; NutritionRecord.MOLYBDENUM_TOTAL; NutritionRecord.MONOUNSATURATED_FAT_TOTAL; NutritionRecord.NIACIN_TOTAL; NutritionRecord.PANTOTHENIC_ACID_TOTAL; NutritionRecord.PHOSPHORUS_TOTAL; NutritionRecord.POLYUNSATURATED_FAT_TOTAL; NutritionRecord.POTASSIUM_TOTAL; NutritionRecord.PROTEIN_TOTAL; NutritionRecord.RIBOFLAVIN_TOTAL; NutritionRecord.SATURATED_FAT_TOTAL; NutritionRecord.SELENIUM_TOTAL; NutritionRecord.SODIUM_TOTAL; NutritionRecord.SUGAR_TOTAL; NutritionRecord.THIAMIN_TOTAL; NutritionRecord.TOTAL_CARBOHYDRATE_TOTAL; NutritionRecord.TOTAL_FAT_TOTAL; NutritionRecord.TRANS_FAT_TOTAL; NutritionRecord.UNSATURATED_FAT_TOTAL; NutritionRecord.VITAMIN_A_TOTAL; NutritionRecord.VITAMIN_B12_TOTAL; NutritionRecord.VITAMIN_B6_TOTAL; NutritionRecord.VITAMIN_C_TOTAL; NutritionRecord.VITAMIN_D_TOTAL; NutritionRecord.VITAMIN_E_TOTAL; NutritionRecord.VITAMIN_K_TOTAL; NutritionRecord.ZINC_TOTAL","1.1.0",,"no","Captures what nutrients were consumed as part of a meal or a food item.","https://developer.android.com/reference/kotlin/androidx/health/connect/client/records/NutritionRecord","2026-06-24","https://aifitnessapi.com/health-connect/nutrition-record"
"OvulationTestRecord","androidx.health.connect.client.records.OvulationTestRecord","Ovulation test","Cycle Tracking","Instantaneous",,"metadata; result; time","android.permission.health.READ_OVULATION_TEST","android.permission.health.WRITE_OVULATION_TEST","Google's data-types table, row ""Ovulation test"" (OvulationTestRecord): android.permission.health.READ_OVULATION_TEST, android.permission.health.WRITE_OVULATION_TEST",,"1.1.0",,"no","Each record represents the result of an ovulation test.","https://developer.android.com/reference/kotlin/androidx/health/connect/client/records/OvulationTestRecord","2026-06-24","https://aifitnessapi.com/health-connect/ovulation-test-record"
"OxygenSaturationRecord","androidx.health.connect.client.records.OxygenSaturationRecord","Oxygen saturation","Vitals","Instantaneous",,"metadata; percentage; time","android.permission.health.READ_OXYGEN_SATURATION","android.permission.health.WRITE_OXYGEN_SATURATION","Google's data-types table, row ""Oxygen saturation"" (OxygenSaturationRecord): android.permission.health.READ_OXYGEN_SATURATION, android.permission.health.WRITE_OXYGEN_SATURATION",,"1.1.0",,"no","Captures the amount of oxygen circulating in the blood, measured as a percentage of oxygen-saturated hemoglobin. Each record represents a single blood oxygen saturation reading at the time of measurement.","https://developer.android.com/reference/kotlin/androidx/health/connect/client/records/OxygenSaturationRecord","2026-06-24","https://aifitnessapi.com/health-connect/oxygen-saturation-record"
"PlannedExerciseSessionRecord","androidx.health.connect.client.records.PlannedExerciseSessionRecord","Planned exercise","Activity","Interval",,"block; endTime; exerciseType; hasExplicitTime; metadata","android.permission.health.READ_PLANNED_EXERCISE","android.permission.health.WRITE_PLANNED_EXERCISE","Google's data-types table, row ""Planned exercise"" (PlannedExerciseSessionRecord): android.permission.health.READ_PLANNED_EXERCISE, android.permission.health.WRITE_PLANNED_EXERCISE",,"1.1.0","FEATURE_PLANNED_EXERCISE","no","Captures a planned exercise session, also commonly referred to as a training plan.","https://developer.android.com/reference/kotlin/androidx/health/connect/client/records/PlannedExerciseSessionRecord","2026-06-24","https://aifitnessapi.com/health-connect/planned-exercise-session-record"
"PowerRecord","androidx.health.connect.client.records.PowerRecord","Power","Activity","Series",,"endTime; samples; metadata; startTime","android.permission.health.READ_POWER","android.permission.health.WRITE_POWER","Google's data-types table, row ""Power"" (PowerRecord): android.permission.health.READ_POWER, android.permission.health.WRITE_POWER","PowerRecord.POWER_AVG; PowerRecord.POWER_MAX; PowerRecord.POWER_MIN","1.1.0",,"no","Captures the power generated by the user, e.g. during cycling or rowing with a power meter. Each record represents a series of measurements.","https://developer.android.com/reference/kotlin/androidx/health/connect/client/records/PowerRecord","2026-06-24","https://aifitnessapi.com/health-connect/power-record"
"RespiratoryRateRecord","androidx.health.connect.client.records.RespiratoryRateRecord","Respiratory rate","Vitals","Instantaneous",,"metadata; rate; time","android.permission.health.READ_RESPIRATORY_RATE","android.permission.health.WRITE_RESPIRATORY_RATE","Google's data-types table, row ""Respiratory rate"" (RespiratoryRateRecord): android.permission.health.READ_RESPIRATORY_RATE, android.permission.health.WRITE_RESPIRATORY_RATE",,"1.1.0",,"no","Captures the user's respiratory rate. Each record represents a single instantaneous measurement.","https://developer.android.com/reference/kotlin/androidx/health/connect/client/records/RespiratoryRateRecord","2026-06-24","https://aifitnessapi.com/health-connect/respiratory-rate-record"
"RestingHeartRateRecord","androidx.health.connect.client.records.RestingHeartRateRecord","Resting heart rate","Vitals","Instantaneous",,"beatsPerMinute; metadata; time","android.permission.health.READ_RESTING_HEART_RATE","android.permission.health.WRITE_RESTING_HEART_RATE","Google's data-types table, row ""Resting heart rate"" (RestingHeartRateRecord): android.permission.health.READ_RESTING_HEART_RATE, android.permission.health.WRITE_RESTING_HEART_RATE","RestingHeartRateRecord.BPM_AVG; RestingHeartRateRecord.BPM_MAX; RestingHeartRateRecord.BPM_MIN","1.1.0",,"no","Captures the user's resting heart rate. Each record represents a single instantaneous measurement.","https://developer.android.com/reference/kotlin/androidx/health/connect/client/records/RestingHeartRateRecord","2026-06-24","https://aifitnessapi.com/health-connect/resting-heart-rate-record"
"SexualActivityRecord","androidx.health.connect.client.records.SexualActivityRecord","Sexual activity","Cycle Tracking","Instantaneous",,"metadata; protectionUsed; time","android.permission.health.READ_SEXUAL_ACTIVITY","android.permission.health.WRITE_SEXUAL_ACTIVITY","Google's data-types table, row ""Sexual activity"" (SexualActivityRecord): android.permission.health.READ_SEXUAL_ACTIVITY, android.permission.health.WRITE_SEXUAL_ACTIVITY",,"1.1.0",,"no","Captures an occurrence of sexual activity. Each record is a single occurrence. ProtectionUsed field is optional.","https://developer.android.com/reference/kotlin/androidx/health/connect/client/records/SexualActivityRecord","2026-06-24","https://aifitnessapi.com/health-connect/sexual-activity-record"
"SkinTemperatureRecord","androidx.health.connect.client.records.SkinTemperatureRecord","Skin temperature","Vitals","Series","Temperature","deltas; endTime; measurementLocation; metadata; startTime","android.permission.health.READ_SKIN_TEMPERATURE","android.permission.health.WRITE_SKIN_TEMPERATURE","Google's data-types table, row ""Skin temperature"" (SkinTemperatureRecord): android.permission.health.READ_SKIN_TEMPERATURE, android.permission.health.WRITE_SKIN_TEMPERATURE","SkinTemperatureRecord.TEMPERATURE_DELTA_AVG; SkinTemperatureRecord.TEMPERATURE_DELTA_MAX; SkinTemperatureRecord.TEMPERATURE_DELTA_MIN","1.1.0","FEATURE_SKIN_TEMPERATURE","no","Captures the skin temperature of a user. Each record can represent a series of measurements of temperature differences.","https://developer.android.com/reference/kotlin/androidx/health/connect/client/records/SkinTemperatureRecord","2026-08-06","https://aifitnessapi.com/health-connect/skin-temperature-record"
"SleepSessionRecord","androidx.health.connect.client.records.SleepSessionRecord","Sleep session","Sleep","Interval",,"endTime; metadata; stages; startTime","android.permission.health.READ_SLEEP","android.permission.health.WRITE_SLEEP","Google's data-types table, row ""Sleep session"" (SleepSessionRecord): android.permission.health.READ_SLEEP, android.permission.health.WRITE_SLEEP","SleepSessionRecord.SLEEP_DURATION_TOTAL","1.1.0",,"no","Captures the user's sleep length and its stages. Each record represents a time interval for a full sleep session.","https://developer.android.com/reference/kotlin/androidx/health/connect/client/records/SleepSessionRecord","2026-06-24","https://aifitnessapi.com/health-connect/sleep-session-record"
"SpeedRecord","androidx.health.connect.client.records.SpeedRecord","Speed","Activity","Series",,"endTime; metadata; samples; startTime","android.permission.health.READ_SPEED","android.permission.health.WRITE_SPEED","Google's data-types table, row ""Speed"" (SpeedRecord): android.permission.health.READ_SPEED, android.permission.health.WRITE_SPEED","SpeedRecord.SPEED_AVG; SpeedRecord.SPEED_MAX; SpeedRecord.SPEED_MIN","1.1.0",,"no","Captures the user's speed, e.g. during running or cycling. Each record represents a series of measurements.","https://developer.android.com/reference/kotlin/androidx/health/connect/client/records/SpeedRecord","2026-06-24","https://aifitnessapi.com/health-connect/speed-record"
"StepsRecord","androidx.health.connect.client.records.StepsRecord","Steps","Activity","Interval",,"count; endTime; metadata; startTime","android.permission.health.READ_STEPS","android.permission.health.WRITE_STEPS","Google's data-types table, row ""Steps"" (StepsRecord, StepsCadenceRecord): android.permission.health.READ_STEPS, android.permission.health.WRITE_STEPS","StepsRecord.COUNT_TOTAL","1.1.0",,"no","Captures the number of steps taken since the last reading. Each step is only reported once so records shouldn't have overlapping time. The start time of each record should represent the start of the interval in which steps were taken.","https://developer.android.com/reference/kotlin/androidx/health/connect/client/records/StepsRecord","2026-08-06","https://aifitnessapi.com/health-connect/steps-record"
"StepsCadenceRecord","androidx.health.connect.client.records.StepsCadenceRecord","Steps","Activity","Series",,"endTime; samples; metadata; startTime","android.permission.health.READ_STEPS","android.permission.health.WRITE_STEPS","Google's data-types table, row ""Steps"" (StepsRecord, StepsCadenceRecord): android.permission.health.READ_STEPS, android.permission.health.WRITE_STEPS","StepsCadenceRecord.RATE_AVG; StepsCadenceRecord.RATE_MAX; StepsCadenceRecord.RATE_MIN","1.1.0",,"no","Captures the user's steps cadence. Each record represents a series of measurements.","https://developer.android.com/reference/kotlin/androidx/health/connect/client/records/StepsCadenceRecord","2026-06-24","https://aifitnessapi.com/health-connect/steps-cadence-record"
"TotalCaloriesBurnedRecord","androidx.health.connect.client.records.TotalCaloriesBurnedRecord","Total calories burned","Activity","Interval","Energy","endTime; energy; metadata; startTime","android.permission.health.READ_TOTAL_CALORIES_BURNED","android.permission.health.WRITE_TOTAL_CALORIES_BURNED","Google's data-types table, row ""Total calories burned"" (TotalCaloriesBurnedRecord): android.permission.health.READ_TOTAL_CALORIES_BURNED, android.permission.health.WRITE_TOTAL_CALORIES_BURNED","TotalCaloriesBurnedRecord.ENERGY_TOTAL","1.1.0",,"no","Total energy burned by the user (in kilocalories), including active & basal energy burned (BMR). Each record represents the total kilocalories burned over a time interval.","https://developer.android.com/reference/kotlin/androidx/health/connect/client/records/TotalCaloriesBurnedRecord","2026-06-24","https://aifitnessapi.com/health-connect/total-calories-burned-record"
"Vo2MaxRecord","androidx.health.connect.client.records.Vo2MaxRecord","VO2 max","Activity","Instantaneous",,"measurementMethod; metadata; time; vo2MillilitersPerMinuteKilogram","android.permission.health.READ_VO2_MAX","android.permission.health.WRITE_VO2_MAX","Google's data-types table, row ""VO2 max"" (Vo2MaxRecord): android.permission.health.READ_VO2_MAX, android.permission.health.WRITE_VO2_MAX",,"1.1.0",,"no","Capture user's VO2 max score and optionally the measurement method.","https://developer.android.com/reference/kotlin/androidx/health/connect/client/records/Vo2MaxRecord","2026-06-24","https://aifitnessapi.com/health-connect/vo2-max-record"
"WeightRecord","androidx.health.connect.client.records.WeightRecord","Weight","Body Measurement","Instantaneous",,"metadata; time; weight","android.permission.health.READ_WEIGHT","android.permission.health.WRITE_WEIGHT","Google's data-types table, row ""Weight"" (WeightRecord): android.permission.health.READ_WEIGHT, android.permission.health.WRITE_WEIGHT","WeightRecord.WEIGHT_AVG; WeightRecord.WEIGHT_MAX; WeightRecord.WEIGHT_MIN","1.1.0",,"no","Captures the user's weight.","https://developer.android.com/reference/kotlin/androidx/health/connect/client/records/WeightRecord","2026-06-24","https://aifitnessapi.com/health-connect/weight-record"
"WheelchairPushesRecord","androidx.health.connect.client.records.WheelchairPushesRecord","Wheelchair pushes","Activity","Interval",,"count; endTime; metadata; startTime","android.permission.health.READ_WHEELCHAIR_PUSHES","android.permission.health.WRITE_WHEELCHAIR_PUSHES","Google's data-types table, row ""Wheelchair pushes"" (WheelchairPushesRecord): android.permission.health.READ_WHEELCHAIR_PUSHES, android.permission.health.WRITE_WHEELCHAIR_PUSHES","WheelchairPushesRecord.COUNT_TOTAL","1.1.0",,"no","Captures the number of wheelchair pushes done since the last reading. Each push is only reported once so records shouldn't have overlapping time. The start time of each record should represent the start of the interval in which pushes were made.","https://developer.android.com/reference/kotlin/androidx/health/connect/client/records/WheelchairPushesRecord","2026-06-24","https://aifitnessapi.com/health-connect/wheelchair-pushes-record"