name,kotlinType,dataTypeClass,valueType,dataPointClass,permission,permissionEvidence,addedIn,deprecated,description,googleDocs,page
"ABSOLUTE_ELEVATION","DeltaDataType<Double, SampleDataPoint<Double>>","DeltaDataType","Double","SampleDataPoint","ACCESS_FINE_LOCATION","ABSOLUTE_ELEVATION LOCATION | ACCESS_FINE_LOCATION",,"no","Absolute elevation at a specific point in time expressed in meters.","https://developer.android.com/reference/kotlin/androidx/health/services/client/data/DataType#ABSOLUTE_ELEVATION()","https://aifitnessapi.com/wear-os-data-types#type-absolute_elevation"
"ABSOLUTE_ELEVATION_STATS","AggregateDataType<Double, StatisticalDataPoint<Double>>","AggregateDataType","Double","StatisticalDataPoint",,,,"no","Statistical information about the absolute elevation over the course of the active exercise expressed in meters.","https://developer.android.com/reference/kotlin/androidx/health/services/client/data/DataType#ABSOLUTE_ELEVATION_STATS()","https://aifitnessapi.com/wear-os-data-types#type-absolute_elevation_stats"
"ACTIVE_EXERCISE_DURATION_TOTAL","AggregateDataType<Long, CumulativeDataPoint<Long>>","AggregateDataType","Long","CumulativeDataPoint",,,,"no","The total time the Exercise was ExerciseState.ACTIVE in seconds.","https://developer.android.com/reference/kotlin/androidx/health/services/client/data/DataType#ACTIVE_EXERCISE_DURATION_TOTAL()","https://aifitnessapi.com/wear-os-data-types#type-active_exercise_duration_total"
"CALORIES","DeltaDataType<Double, IntervalDataPoint<Double>>","DeltaDataType","Double","IntervalDataPoint","ACTIVITY_RECOGNITION","CALORIES CALORIES_DAILY DISTANCE_DAILY DECLINE_DISTANCE DISTANCE ELEVATION_GAIN ELEVATION_LOSS FLAT_GROUND_DISTANCE FLOORS FLOORS_DAILY GOLF_SHOT_COUNT INCLINE_DISTANCE PACE REP_COUNT RUNNING_STEPS SPEED STEPS STEPS_DAILY STEPS_PER_MINUTE SWIMMING_LAP_COUNT SWIMMING_STROKES CALORIES_TOTAL WALKING_STEPS UserActivityInfo UserActivityState | ACTIVITY_RECOGNITION",,"no","Number of calories burned (including basal rate and activity) since the last update.","https://developer.android.com/reference/kotlin/androidx/health/services/client/data/DataType#CALORIES()","https://aifitnessapi.com/wear-os-data-types#type-calories"
"CALORIES_DAILY","DeltaDataType<Double, IntervalDataPoint<Double>>","DeltaDataType","Double","IntervalDataPoint","ACTIVITY_RECOGNITION","CALORIES CALORIES_DAILY DISTANCE_DAILY DECLINE_DISTANCE DISTANCE ELEVATION_GAIN ELEVATION_LOSS FLAT_GROUND_DISTANCE FLOORS FLOORS_DAILY GOLF_SHOT_COUNT INCLINE_DISTANCE PACE REP_COUNT RUNNING_STEPS SPEED STEPS STEPS_DAILY STEPS_PER_MINUTE SWIMMING_LAP_COUNT SWIMMING_STROKES CALORIES_TOTAL WALKING_STEPS UserActivityInfo UserActivityState | ACTIVITY_RECOGNITION",,"no","The total number of calories over a day (including both BMR and active calories), where the previous day ends and a new day begins at 12:00 AM local time. Each DataPoint of this type will cover the interval from the start of day to now. In the event of time-zone shifts, the interval might be greater than 24hrs.","https://developer.android.com/reference/kotlin/androidx/health/services/client/data/DataType#CALORIES_DAILY()","https://aifitnessapi.com/wear-os-data-types#type-calories_daily"
"CALORIES_TOTAL","AggregateDataType<Double, CumulativeDataPoint<Double>>","AggregateDataType","Double","CumulativeDataPoint","ACTIVITY_RECOGNITION","CALORIES CALORIES_DAILY DISTANCE_DAILY DECLINE_DISTANCE DISTANCE ELEVATION_GAIN ELEVATION_LOSS FLAT_GROUND_DISTANCE FLOORS FLOORS_DAILY GOLF_SHOT_COUNT INCLINE_DISTANCE PACE REP_COUNT RUNNING_STEPS SPEED STEPS STEPS_DAILY STEPS_PER_MINUTE SWIMMING_LAP_COUNT SWIMMING_STROKES CALORIES_TOTAL WALKING_STEPS UserActivityInfo UserActivityState | ACTIVITY_RECOGNITION",,"no","Total number of calories burned (including basal rate and activity) since the start of the current active exercise.","https://developer.android.com/reference/kotlin/androidx/health/services/client/data/DataType#CALORIES_TOTAL()","https://aifitnessapi.com/wear-os-data-types#type-calories_total"
"DECLINE_DISTANCE","DeltaDataType<Double, IntervalDataPoint<Double>>","DeltaDataType","Double","IntervalDataPoint","ACTIVITY_RECOGNITION","CALORIES CALORIES_DAILY DISTANCE_DAILY DECLINE_DISTANCE DISTANCE ELEVATION_GAIN ELEVATION_LOSS FLAT_GROUND_DISTANCE FLOORS FLOORS_DAILY GOLF_SHOT_COUNT INCLINE_DISTANCE PACE REP_COUNT RUNNING_STEPS SPEED STEPS STEPS_DAILY STEPS_PER_MINUTE SWIMMING_LAP_COUNT SWIMMING_STROKES CALORIES_TOTAL WALKING_STEPS UserActivityInfo UserActivityState | ACTIVITY_RECOGNITION",,"no","Distance traveled over declining ground between each reading expressed in meters.","https://developer.android.com/reference/kotlin/androidx/health/services/client/data/DataType#DECLINE_DISTANCE()","https://aifitnessapi.com/wear-os-data-types#type-decline_distance"
"DECLINE_DISTANCE_TOTAL","AggregateDataType<Double, CumulativeDataPoint<Double>>","AggregateDataType","Double","CumulativeDataPoint",,,,"no","The total distance traveled over declining ground between each reading since the start of the active exercise expressed in meters.","https://developer.android.com/reference/kotlin/androidx/health/services/client/data/DataType#DECLINE_DISTANCE_TOTAL()","https://aifitnessapi.com/wear-os-data-types#type-decline_distance_total"
"DECLINE_DURATION","DeltaDataType<Long, IntervalDataPoint<Long>>","DeltaDataType","Long","IntervalDataPoint",,,,"no","The amount of time the user spent traveling over declining ground since the last update, expressed in seconds.","https://developer.android.com/reference/kotlin/androidx/health/services/client/data/DataType#DECLINE_DURATION()","https://aifitnessapi.com/wear-os-data-types#type-decline_duration"
"DECLINE_DURATION_TOTAL","AggregateDataType<Long, CumulativeDataPoint<Long>>","AggregateDataType","Long","CumulativeDataPoint",,,,"no","Total duration the user spent traveling over declining ground since the start of the active exercise, expressed in seconds.","https://developer.android.com/reference/kotlin/androidx/health/services/client/data/DataType#DECLINE_DURATION_TOTAL()","https://aifitnessapi.com/wear-os-data-types#type-decline_duration_total"
"DISTANCE","DeltaDataType<Double, IntervalDataPoint<Double>>","DeltaDataType","Double","IntervalDataPoint","ACTIVITY_RECOGNITION","CALORIES CALORIES_DAILY DISTANCE_DAILY DECLINE_DISTANCE DISTANCE ELEVATION_GAIN ELEVATION_LOSS FLAT_GROUND_DISTANCE FLOORS FLOORS_DAILY GOLF_SHOT_COUNT INCLINE_DISTANCE PACE REP_COUNT RUNNING_STEPS SPEED STEPS STEPS_DAILY STEPS_PER_MINUTE SWIMMING_LAP_COUNT SWIMMING_STROKES CALORIES_TOTAL WALKING_STEPS UserActivityInfo UserActivityState | ACTIVITY_RECOGNITION",,"no","A distance delta between each reading expressed in meters.","https://developer.android.com/reference/kotlin/androidx/health/services/client/data/DataType#DISTANCE()","https://aifitnessapi.com/wear-os-data-types#type-distance"
"DISTANCE_DAILY","DeltaDataType<Double, IntervalDataPoint<Double>>","DeltaDataType","Double","IntervalDataPoint","ACTIVITY_RECOGNITION","CALORIES CALORIES_DAILY DISTANCE_DAILY DECLINE_DISTANCE DISTANCE ELEVATION_GAIN ELEVATION_LOSS FLAT_GROUND_DISTANCE FLOORS FLOORS_DAILY GOLF_SHOT_COUNT INCLINE_DISTANCE PACE REP_COUNT RUNNING_STEPS SPEED STEPS STEPS_DAILY STEPS_PER_MINUTE SWIMMING_LAP_COUNT SWIMMING_STROKES CALORIES_TOTAL WALKING_STEPS UserActivityInfo UserActivityState | ACTIVITY_RECOGNITION",,"no","The total distance over a day, where the previous day ends and a new day begins at 12:00 AM local time. Each DataPoint of this type will cover the interval from the start of day to now. In the event of time-zone shifts, the interval may be greater than 24hrs.","https://developer.android.com/reference/kotlin/androidx/health/services/client/data/DataType#DISTANCE_DAILY()","https://aifitnessapi.com/wear-os-data-types#type-distance_daily"
"DISTANCE_TOTAL","AggregateDataType<Double, CumulativeDataPoint<Double>>","AggregateDataType","Double","CumulativeDataPoint",,,,"no","Total distance since the start of the active exercise expressed in meters.","https://developer.android.com/reference/kotlin/androidx/health/services/client/data/DataType#DISTANCE_TOTAL()","https://aifitnessapi.com/wear-os-data-types#type-distance_total"
"ELEVATION_GAIN","DeltaDataType<Double, IntervalDataPoint<Double>>","DeltaDataType","Double","IntervalDataPoint","ACTIVITY_RECOGNITION","CALORIES CALORIES_DAILY DISTANCE_DAILY DECLINE_DISTANCE DISTANCE ELEVATION_GAIN ELEVATION_LOSS FLAT_GROUND_DISTANCE FLOORS FLOORS_DAILY GOLF_SHOT_COUNT INCLINE_DISTANCE PACE REP_COUNT RUNNING_STEPS SPEED STEPS STEPS_DAILY STEPS_PER_MINUTE SWIMMING_LAP_COUNT SWIMMING_STROKES CALORIES_TOTAL WALKING_STEPS UserActivityInfo UserActivityState | ACTIVITY_RECOGNITION",,"no","A measure of the gain in elevation since the last update expressed in meters. Elevation losses are not counted in this metric (so it will only be positive or 0).","https://developer.android.com/reference/kotlin/androidx/health/services/client/data/DataType#ELEVATION_GAIN()","https://aifitnessapi.com/wear-os-data-types#type-elevation_gain"
"ELEVATION_GAIN_DAILY","DeltaDataType<Double, IntervalDataPoint<Double>>","DeltaDataType","Double","IntervalDataPoint",,,,"no","The total gain in elevation over a day expressed in meters in double format, where the previous day ends and a new day begins at 12:00 AM local time. Elevation losses are not counted in this metric (so it will only be positive or 0). Each DataPoint of this type will cover the interval from the start of day to now. In the event of time-zone shifts, the interval might be greater than 24hrs.","https://developer.android.com/reference/kotlin/androidx/health/services/client/data/DataType#ELEVATION_GAIN_DAILY()","https://aifitnessapi.com/wear-os-data-types#type-elevation_gain_daily"
"ELEVATION_GAIN_TOTAL","AggregateDataType<Double, CumulativeDataPoint<Double>>","AggregateDataType","Double","CumulativeDataPoint",,,,"no","A measure of the total gain in elevation since the start of an active exercise expressed in meters. Elevation losses are not counted in this metric (so it will only be positive or 0).","https://developer.android.com/reference/kotlin/androidx/health/services/client/data/DataType#ELEVATION_GAIN_TOTAL()","https://aifitnessapi.com/wear-os-data-types#type-elevation_gain_total"
"ELEVATION_LOSS","DeltaDataType<Double, IntervalDataPoint<Double>>","DeltaDataType","Double","IntervalDataPoint","ACTIVITY_RECOGNITION","CALORIES CALORIES_DAILY DISTANCE_DAILY DECLINE_DISTANCE DISTANCE ELEVATION_GAIN ELEVATION_LOSS FLAT_GROUND_DISTANCE FLOORS FLOORS_DAILY GOLF_SHOT_COUNT INCLINE_DISTANCE PACE REP_COUNT RUNNING_STEPS SPEED STEPS STEPS_DAILY STEPS_PER_MINUTE SWIMMING_LAP_COUNT SWIMMING_STROKES CALORIES_TOTAL WALKING_STEPS UserActivityInfo UserActivityState | ACTIVITY_RECOGNITION",,"no","A measure of the loss in elevation since the last update expressed in meters. Elevation gains are not counted in this metric (so it will only be positive or 0).","https://developer.android.com/reference/kotlin/androidx/health/services/client/data/DataType#ELEVATION_LOSS()","https://aifitnessapi.com/wear-os-data-types#type-elevation_loss"
"ELEVATION_LOSS_TOTAL","AggregateDataType<Double, CumulativeDataPoint<Double>>","AggregateDataType","Double","CumulativeDataPoint",,,,"no","A measure of the total loss in elevation since the start of an active exercise expressed in meters. Elevation gains are not counted in this metric (so it will only be positive or 0).","https://developer.android.com/reference/kotlin/androidx/health/services/client/data/DataType#ELEVATION_LOSS_TOTAL()","https://aifitnessapi.com/wear-os-data-types#type-elevation_loss_total"
"FLAT_GROUND_DISTANCE","DeltaDataType<Double, IntervalDataPoint<Double>>","DeltaDataType","Double","IntervalDataPoint","ACTIVITY_RECOGNITION","CALORIES CALORIES_DAILY DISTANCE_DAILY DECLINE_DISTANCE DISTANCE ELEVATION_GAIN ELEVATION_LOSS FLAT_GROUND_DISTANCE FLOORS FLOORS_DAILY GOLF_SHOT_COUNT INCLINE_DISTANCE PACE REP_COUNT RUNNING_STEPS SPEED STEPS STEPS_DAILY STEPS_PER_MINUTE SWIMMING_LAP_COUNT SWIMMING_STROKES CALORIES_TOTAL WALKING_STEPS UserActivityInfo UserActivityState | ACTIVITY_RECOGNITION",,"no","The distance traveled over flat since the last update expressed in meters.","https://developer.android.com/reference/kotlin/androidx/health/services/client/data/DataType#FLAT_GROUND_DISTANCE()","https://aifitnessapi.com/wear-os-data-types#type-flat_ground_distance"
"FLAT_GROUND_DISTANCE_TOTAL","AggregateDataType<Double, CumulativeDataPoint<Double>>","AggregateDataType","Double","CumulativeDataPoint",,,,"no","The total distance traveled over flat ground since the start of the active exercise expressed in meters.","https://developer.android.com/reference/kotlin/androidx/health/services/client/data/DataType#FLAT_GROUND_DISTANCE_TOTAL()","https://aifitnessapi.com/wear-os-data-types#type-flat_ground_distance_total"
"FLAT_GROUND_DURATION","DeltaDataType<Long, IntervalDataPoint<Long>>","DeltaDataType","Long","IntervalDataPoint",,,,"no","The amount of time the user spent traveling over flat ground since the last update, expressed in seconds.","https://developer.android.com/reference/kotlin/androidx/health/services/client/data/DataType#FLAT_GROUND_DURATION()","https://aifitnessapi.com/wear-os-data-types#type-flat_ground_duration"
"FLAT_GROUND_DURATION_TOTAL","AggregateDataType<Long, CumulativeDataPoint<Long>>","AggregateDataType","Long","CumulativeDataPoint",,,,"no","The total duration the user spent traveling over flat ground since the start of the active exercise, expressed in seconds.","https://developer.android.com/reference/kotlin/androidx/health/services/client/data/DataType#FLAT_GROUND_DURATION_TOTAL()","https://aifitnessapi.com/wear-os-data-types#type-flat_ground_duration_total"
"FLOORS","DeltaDataType<Double, IntervalDataPoint<Double>>","DeltaDataType","Double","IntervalDataPoint","ACTIVITY_RECOGNITION","CALORIES CALORIES_DAILY DISTANCE_DAILY DECLINE_DISTANCE DISTANCE ELEVATION_GAIN ELEVATION_LOSS FLAT_GROUND_DISTANCE FLOORS FLOORS_DAILY GOLF_SHOT_COUNT INCLINE_DISTANCE PACE REP_COUNT RUNNING_STEPS SPEED STEPS STEPS_DAILY STEPS_PER_MINUTE SWIMMING_LAP_COUNT SWIMMING_STROKES CALORIES_TOTAL WALKING_STEPS UserActivityInfo UserActivityState | ACTIVITY_RECOGNITION",,"no","Number of floors climbed since the last update. Note that partial floors are supported, so this is represented as a Double.","https://developer.android.com/reference/kotlin/androidx/health/services/client/data/DataType#FLOORS()","https://aifitnessapi.com/wear-os-data-types#type-floors"
"FLOORS_DAILY","DeltaDataType<Double, IntervalDataPoint<Double>>","DeltaDataType","Double","IntervalDataPoint","ACTIVITY_RECOGNITION","CALORIES CALORIES_DAILY DISTANCE_DAILY DECLINE_DISTANCE DISTANCE ELEVATION_GAIN ELEVATION_LOSS FLAT_GROUND_DISTANCE FLOORS FLOORS_DAILY GOLF_SHOT_COUNT INCLINE_DISTANCE PACE REP_COUNT RUNNING_STEPS SPEED STEPS STEPS_DAILY STEPS_PER_MINUTE SWIMMING_LAP_COUNT SWIMMING_STROKES CALORIES_TOTAL WALKING_STEPS UserActivityInfo UserActivityState | ACTIVITY_RECOGNITION",,"no","The total number floors climbed over a day, where the previous day ends and a new day begins at 12:00 AM local time. Each DataPoint of this type will cover the interval from the start of day to now. In the event of time-zone shifts, the interval may be greater than 24hrs.","https://developer.android.com/reference/kotlin/androidx/health/services/client/data/DataType#FLOORS_DAILY()","https://aifitnessapi.com/wear-os-data-types#type-floors_daily"
"FLOORS_TOTAL","AggregateDataType<Double, CumulativeDataPoint<Double>>","AggregateDataType","Double","CumulativeDataPoint",,,,"no","Total number of floors climbed since the start of the active exercise. Note that partial floors are supported, so this is represented as a Double.","https://developer.android.com/reference/kotlin/androidx/health/services/client/data/DataType#FLOORS_TOTAL()","https://aifitnessapi.com/wear-os-data-types#type-floors_total"
"GOLF_SHOT_COUNT","DeltaDataType<Long, IntervalDataPoint<Long>>","DeltaDataType","Long","IntervalDataPoint","ACTIVITY_RECOGNITION","CALORIES CALORIES_DAILY DISTANCE_DAILY DECLINE_DISTANCE DISTANCE ELEVATION_GAIN ELEVATION_LOSS FLAT_GROUND_DISTANCE FLOORS FLOORS_DAILY GOLF_SHOT_COUNT INCLINE_DISTANCE PACE REP_COUNT RUNNING_STEPS SPEED STEPS STEPS_DAILY STEPS_PER_MINUTE SWIMMING_LAP_COUNT SWIMMING_STROKES CALORIES_TOTAL WALKING_STEPS UserActivityInfo UserActivityState | ACTIVITY_RECOGNITION",,"no","The number of golf shots taken since the last update, where a golf shot consists of swinging the club and hitting the ball.","https://developer.android.com/reference/kotlin/androidx/health/services/client/data/DataType#GOLF_SHOT_COUNT()","https://aifitnessapi.com/wear-os-data-types#type-golf_shot_count"
"GOLF_SHOT_COUNT_TOTAL","AggregateDataType<Long, CumulativeDataPoint<Long>>","AggregateDataType","Long","CumulativeDataPoint",,,,"no","The total number of golf shots taken since the start of the current active exercise, where a golf shot consists swinging the club and hitting the ball.","https://developer.android.com/reference/kotlin/androidx/health/services/client/data/DataType#GOLF_SHOT_COUNT_TOTAL()","https://aifitnessapi.com/wear-os-data-types#type-golf_shot_count_total"
"GROUND_CONTACT_TIME","DeltaDataType<Long, SampleDataPoint<Long>>","DeltaDataType","Long","SampleDataPoint",,,,"no","The amount of time during a single step that the runner's foot was in contact with the ground in milliseconds in long format.","https://developer.android.com/reference/kotlin/androidx/health/services/client/data/DataType#GROUND_CONTACT_TIME()","https://aifitnessapi.com/wear-os-data-types#type-ground_contact_time"
"GROUND_CONTACT_TIME_STATS","AggregateDataType<Long, StatisticalDataPoint<Long>>","AggregateDataType","Long","StatisticalDataPoint",,,,"no","Statistics on the amount of time during a single step that the runner's foot was in contact with the ground in milliseconds in long format.","https://developer.android.com/reference/kotlin/androidx/health/services/client/data/DataType#GROUND_CONTACT_TIME_STATS()","https://aifitnessapi.com/wear-os-data-types#type-ground_contact_time_stats"
"HEART_RATE_BPM","DeltaDataType<Double, SampleDataPoint<Double>>","DeltaDataType","Double","SampleDataPoint","READ_HEART_RATE","HEART_RATE_BPM | READ_HEART_RATE",,"no","Current heart rate, in beats per minute.","https://developer.android.com/reference/kotlin/androidx/health/services/client/data/DataType#HEART_RATE_BPM()","https://aifitnessapi.com/wear-os-data-types#type-heart_rate_bpm"
"HEART_RATE_BPM_STATS","AggregateDataType<Double, StatisticalDataPoint<Double>>","AggregateDataType","Double","StatisticalDataPoint",,,,"no","Statistics on heart rate since the start of the current exercise, expressed in beats per minute.","https://developer.android.com/reference/kotlin/androidx/health/services/client/data/DataType#HEART_RATE_BPM_STATS()","https://aifitnessapi.com/wear-os-data-types#type-heart_rate_bpm_stats"
"INCLINE_DISTANCE","DeltaDataType<Double, IntervalDataPoint<Double>>","DeltaDataType","Double","IntervalDataPoint","ACTIVITY_RECOGNITION","CALORIES CALORIES_DAILY DISTANCE_DAILY DECLINE_DISTANCE DISTANCE ELEVATION_GAIN ELEVATION_LOSS FLAT_GROUND_DISTANCE FLOORS FLOORS_DAILY GOLF_SHOT_COUNT INCLINE_DISTANCE PACE REP_COUNT RUNNING_STEPS SPEED STEPS STEPS_DAILY STEPS_PER_MINUTE SWIMMING_LAP_COUNT SWIMMING_STROKES CALORIES_TOTAL WALKING_STEPS UserActivityInfo UserActivityState | ACTIVITY_RECOGNITION",,"no","The distance traveled over inclining ground since the last update expressed in meters.","https://developer.android.com/reference/kotlin/androidx/health/services/client/data/DataType#INCLINE_DISTANCE()","https://aifitnessapi.com/wear-os-data-types#type-incline_distance"
"INCLINE_DISTANCE_TOTAL","AggregateDataType<Double, CumulativeDataPoint<Double>>","AggregateDataType","Double","CumulativeDataPoint",,,,"no","The total distance traveled over inclining since the start of the active exercise expressed in meters.","https://developer.android.com/reference/kotlin/androidx/health/services/client/data/DataType#INCLINE_DISTANCE_TOTAL()","https://aifitnessapi.com/wear-os-data-types#type-incline_distance_total"
"INCLINE_DURATION","DeltaDataType<Long, IntervalDataPoint<Long>>","DeltaDataType","Long","IntervalDataPoint",,,,"no","The amount of time the user spent traveling over inclining ground since the last update, expressed in seconds.","https://developer.android.com/reference/kotlin/androidx/health/services/client/data/DataType#INCLINE_DURATION()","https://aifitnessapi.com/wear-os-data-types#type-incline_duration"
"INCLINE_DURATION_TOTAL","AggregateDataType<Long, CumulativeDataPoint<Long>>","AggregateDataType","Long","CumulativeDataPoint",,,,"no","Total amount of time the user spent traveling over inclining ground since the start of the active exercise, expressed in seconds.","https://developer.android.com/reference/kotlin/androidx/health/services/client/data/DataType#INCLINE_DURATION_TOTAL()","https://aifitnessapi.com/wear-os-data-types#type-incline_duration_total"
"LOCATION","DeltaDataType<LocationData, SampleDataPoint<LocationData>>","DeltaDataType","LocationData","SampleDataPoint","ACCESS_FINE_LOCATION","ABSOLUTE_ELEVATION LOCATION | ACCESS_FINE_LOCATION",,"no","Latitude, longitude and optionally, altitude and bearing at a specific point in time.","https://developer.android.com/reference/kotlin/androidx/health/services/client/data/DataType#LOCATION()","https://aifitnessapi.com/wear-os-data-types#type-location"
"PACE","DeltaDataType<Double, SampleDataPoint<Double>>","DeltaDataType","Double","SampleDataPoint","ACTIVITY_RECOGNITION","CALORIES CALORIES_DAILY DISTANCE_DAILY DECLINE_DISTANCE DISTANCE ELEVATION_GAIN ELEVATION_LOSS FLAT_GROUND_DISTANCE FLOORS FLOORS_DAILY GOLF_SHOT_COUNT INCLINE_DISTANCE PACE REP_COUNT RUNNING_STEPS SPEED STEPS STEPS_DAILY STEPS_PER_MINUTE SWIMMING_LAP_COUNT SWIMMING_STROKES CALORIES_TOTAL WALKING_STEPS UserActivityInfo UserActivityState | ACTIVITY_RECOGNITION",,"no","Pace at a specific point in time. Will be 0 if the user stops moving, otherwise the value will be in milliseconds/kilometer.","https://developer.android.com/reference/kotlin/androidx/health/services/client/data/DataType#PACE()","https://aifitnessapi.com/wear-os-data-types#type-pace"
"PACE_STATS","AggregateDataType<Double, StatisticalDataPoint<Double>>","AggregateDataType","Double","StatisticalDataPoint",,,,"no","Statistics on pace since the start of the current exercise. A value of 0 indicates the user stopped moving, otherwise the value will be in milliseconds/kilometer.","https://developer.android.com/reference/kotlin/androidx/health/services/client/data/DataType#PACE_STATS()","https://aifitnessapi.com/wear-os-data-types#type-pace_stats"
"REP_COUNT","DeltaDataType<Long, IntervalDataPoint<Long>>","DeltaDataType","Long","IntervalDataPoint","ACTIVITY_RECOGNITION","CALORIES CALORIES_DAILY DISTANCE_DAILY DECLINE_DISTANCE DISTANCE ELEVATION_GAIN ELEVATION_LOSS FLAT_GROUND_DISTANCE FLOORS FLOORS_DAILY GOLF_SHOT_COUNT INCLINE_DISTANCE PACE REP_COUNT RUNNING_STEPS SPEED STEPS STEPS_DAILY STEPS_PER_MINUTE SWIMMING_LAP_COUNT SWIMMING_STROKES CALORIES_TOTAL WALKING_STEPS UserActivityInfo UserActivityState | ACTIVITY_RECOGNITION",,"no","The number of repetitions of an exercise performed since the last update.","https://developer.android.com/reference/kotlin/androidx/health/services/client/data/DataType#REP_COUNT()","https://aifitnessapi.com/wear-os-data-types#type-rep_count"
"REP_COUNT_TOTAL","AggregateDataType<Long, CumulativeDataPoint<Long>>","AggregateDataType","Long","CumulativeDataPoint",,,,"no","The number of repetitions of an exercise performed since the start of the current active exercise.","https://developer.android.com/reference/kotlin/androidx/health/services/client/data/DataType#REP_COUNT_TOTAL()","https://aifitnessapi.com/wear-os-data-types#type-rep_count_total"
"RESTING_EXERCISE_DURATION","DeltaDataType<Long, IntervalDataPoint<Long>>","DeltaDataType","Long","IntervalDataPoint",,,,"no","The number of seconds the user has been resting during an exercise since the last update.","https://developer.android.com/reference/kotlin/androidx/health/services/client/data/DataType#RESTING_EXERCISE_DURATION()","https://aifitnessapi.com/wear-os-data-types#type-resting_exercise_duration"
"RESTING_EXERCISE_DURATION_TOTAL","AggregateDataType<Long, CumulativeDataPoint<Long>>","AggregateDataType","Long","CumulativeDataPoint",,,,"no","The total number of seconds the user has been resting during the active exercise.","https://developer.android.com/reference/kotlin/androidx/health/services/client/data/DataType#RESTING_EXERCISE_DURATION_TOTAL()","https://aifitnessapi.com/wear-os-data-types#type-resting_exercise_duration_total"
"RUNNING_STEPS","DeltaDataType<Long, IntervalDataPoint<Long>>","DeltaDataType","Long","IntervalDataPoint","ACTIVITY_RECOGNITION","CALORIES CALORIES_DAILY DISTANCE_DAILY DECLINE_DISTANCE DISTANCE ELEVATION_GAIN ELEVATION_LOSS FLAT_GROUND_DISTANCE FLOORS FLOORS_DAILY GOLF_SHOT_COUNT INCLINE_DISTANCE PACE REP_COUNT RUNNING_STEPS SPEED STEPS STEPS_DAILY STEPS_PER_MINUTE SWIMMING_LAP_COUNT SWIMMING_STROKES CALORIES_TOTAL WALKING_STEPS UserActivityInfo UserActivityState | ACTIVITY_RECOGNITION",,"no","Number of steps taken while running since the last update.","https://developer.android.com/reference/kotlin/androidx/health/services/client/data/DataType#RUNNING_STEPS()","https://aifitnessapi.com/wear-os-data-types#type-running_steps"
"RUNNING_STEPS_TOTAL","AggregateDataType<Long, CumulativeDataPoint<Long>>","AggregateDataType","Long","CumulativeDataPoint",,,,"no","Number of steps taken while running since the start of the current active exercise.","https://developer.android.com/reference/kotlin/androidx/health/services/client/data/DataType#RUNNING_STEPS_TOTAL()","https://aifitnessapi.com/wear-os-data-types#type-running_steps_total"
"SPEED","DeltaDataType<Double, SampleDataPoint<Double>>","DeltaDataType","Double","SampleDataPoint","ACTIVITY_RECOGNITION","CALORIES CALORIES_DAILY DISTANCE_DAILY DECLINE_DISTANCE DISTANCE ELEVATION_GAIN ELEVATION_LOSS FLAT_GROUND_DISTANCE FLOORS FLOORS_DAILY GOLF_SHOT_COUNT INCLINE_DISTANCE PACE REP_COUNT RUNNING_STEPS SPEED STEPS STEPS_DAILY STEPS_PER_MINUTE SWIMMING_LAP_COUNT SWIMMING_STROKES CALORIES_TOTAL WALKING_STEPS UserActivityInfo UserActivityState | ACTIVITY_RECOGNITION",,"no","Speed at a specific point in time, expressed as meters/second.","https://developer.android.com/reference/kotlin/androidx/health/services/client/data/DataType#SPEED()","https://aifitnessapi.com/wear-os-data-types#type-speed"
"SPEED_STATS","AggregateDataType<Double, StatisticalDataPoint<Double>>","AggregateDataType","Double","StatisticalDataPoint",,,,"no","Statistics on speed since the start of the active exercise, expressed in meters/second.","https://developer.android.com/reference/kotlin/androidx/health/services/client/data/DataType#SPEED_STATS()","https://aifitnessapi.com/wear-os-data-types#type-speed_stats"
"STEPS","DeltaDataType<Long, IntervalDataPoint<Long>>","DeltaDataType","Long","IntervalDataPoint","ACTIVITY_RECOGNITION","CALORIES CALORIES_DAILY DISTANCE_DAILY DECLINE_DISTANCE DISTANCE ELEVATION_GAIN ELEVATION_LOSS FLAT_GROUND_DISTANCE FLOORS FLOORS_DAILY GOLF_SHOT_COUNT INCLINE_DISTANCE PACE REP_COUNT RUNNING_STEPS SPEED STEPS STEPS_DAILY STEPS_PER_MINUTE SWIMMING_LAP_COUNT SWIMMING_STROKES CALORIES_TOTAL WALKING_STEPS UserActivityInfo UserActivityState | ACTIVITY_RECOGNITION",,"no","Number of steps taken since the last update.","https://developer.android.com/reference/kotlin/androidx/health/services/client/data/DataType#STEPS()","https://aifitnessapi.com/wear-os-data-types#type-steps"
"STEPS_DAILY","DeltaDataType<Long, IntervalDataPoint<Long>>","DeltaDataType","Long","IntervalDataPoint","ACTIVITY_RECOGNITION","CALORIES CALORIES_DAILY DISTANCE_DAILY DECLINE_DISTANCE DISTANCE ELEVATION_GAIN ELEVATION_LOSS FLAT_GROUND_DISTANCE FLOORS FLOORS_DAILY GOLF_SHOT_COUNT INCLINE_DISTANCE PACE REP_COUNT RUNNING_STEPS SPEED STEPS STEPS_DAILY STEPS_PER_MINUTE SWIMMING_LAP_COUNT SWIMMING_STROKES CALORIES_TOTAL WALKING_STEPS UserActivityInfo UserActivityState | ACTIVITY_RECOGNITION",,"no","The total step count over a day, where the previous day ends and a new day begins at 12:00 AM local time. Each DataPoint of this type will cover the interval from the start of day to now. In the event of time-zone shifts, the interval may be greater than 24hrs.","https://developer.android.com/reference/kotlin/androidx/health/services/client/data/DataType#STEPS_DAILY()","https://aifitnessapi.com/wear-os-data-types#type-steps_daily"
"STEPS_PER_MINUTE","DeltaDataType<Long, SampleDataPoint<Long>>","DeltaDataType","Long","SampleDataPoint","ACTIVITY_RECOGNITION","CALORIES CALORIES_DAILY DISTANCE_DAILY DECLINE_DISTANCE DISTANCE ELEVATION_GAIN ELEVATION_LOSS FLAT_GROUND_DISTANCE FLOORS FLOORS_DAILY GOLF_SHOT_COUNT INCLINE_DISTANCE PACE REP_COUNT RUNNING_STEPS SPEED STEPS STEPS_DAILY STEPS_PER_MINUTE SWIMMING_LAP_COUNT SWIMMING_STROKES CALORIES_TOTAL WALKING_STEPS UserActivityInfo UserActivityState | ACTIVITY_RECOGNITION",,"no","Step rate in steps/minute at a given point in time.","https://developer.android.com/reference/kotlin/androidx/health/services/client/data/DataType#STEPS_PER_MINUTE()","https://aifitnessapi.com/wear-os-data-types#type-steps_per_minute"
"STEPS_PER_MINUTE_STATS","AggregateDataType<Long, StatisticalDataPoint<Long>>","AggregateDataType","Long","StatisticalDataPoint",,,,"no","Statistics on step rate in steps/minute since the beginning of the current active exercise.","https://developer.android.com/reference/kotlin/androidx/health/services/client/data/DataType#STEPS_PER_MINUTE_STATS()","https://aifitnessapi.com/wear-os-data-types#type-steps_per_minute_stats"
"STEPS_TOTAL","AggregateDataType<Long, CumulativeDataPoint<Long>>","AggregateDataType","Long","CumulativeDataPoint",,,,"no","Total steps taken since the start of the active exercise.","https://developer.android.com/reference/kotlin/androidx/health/services/client/data/DataType#STEPS_TOTAL()","https://aifitnessapi.com/wear-os-data-types#type-steps_total"
"STRIDE_LENGTH","DeltaDataType<Double, SampleDataPoint<Double>>","DeltaDataType","Double","SampleDataPoint",,,,"no","Distance covered by a single step in meters in double format.","https://developer.android.com/reference/kotlin/androidx/health/services/client/data/DataType#STRIDE_LENGTH()","https://aifitnessapi.com/wear-os-data-types#type-stride_length"
"STRIDE_LENGTH_STATS","AggregateDataType<Double, StatisticalDataPoint<Double>>","AggregateDataType","Double","StatisticalDataPoint",,,,"no","Statistics on distance covered by a single step in meters in double format.","https://developer.android.com/reference/kotlin/androidx/health/services/client/data/DataType#STRIDE_LENGTH_STATS()","https://aifitnessapi.com/wear-os-data-types#type-stride_length_stats"
"SWIMMING_LAP_COUNT","DeltaDataType<Long, IntervalDataPoint<Long>>","DeltaDataType","Long","IntervalDataPoint","ACTIVITY_RECOGNITION","CALORIES CALORIES_DAILY DISTANCE_DAILY DECLINE_DISTANCE DISTANCE ELEVATION_GAIN ELEVATION_LOSS FLAT_GROUND_DISTANCE FLOORS FLOORS_DAILY GOLF_SHOT_COUNT INCLINE_DISTANCE PACE REP_COUNT RUNNING_STEPS SPEED STEPS STEPS_DAILY STEPS_PER_MINUTE SWIMMING_LAP_COUNT SWIMMING_STROKES CALORIES_TOTAL WALKING_STEPS UserActivityInfo UserActivityState | ACTIVITY_RECOGNITION",,"no","Count of swimming laps since the last update.","https://developer.android.com/reference/kotlin/androidx/health/services/client/data/DataType#SWIMMING_LAP_COUNT()","https://aifitnessapi.com/wear-os-data-types#type-swimming_lap_count"
"SWIMMING_LAP_COUNT_TOTAL","AggregateDataType<Long, CumulativeDataPoint<Long>>","AggregateDataType","Long","CumulativeDataPoint",,,,"no","Count of swimming laps since the start of the current active exercise.","https://developer.android.com/reference/kotlin/androidx/health/services/client/data/DataType#SWIMMING_LAP_COUNT_TOTAL()","https://aifitnessapi.com/wear-os-data-types#type-swimming_lap_count_total"
"SWIMMING_STROKES","DeltaDataType<Long, IntervalDataPoint<Long>>","DeltaDataType","Long","IntervalDataPoint","ACTIVITY_RECOGNITION","CALORIES CALORIES_DAILY DISTANCE_DAILY DECLINE_DISTANCE DISTANCE ELEVATION_GAIN ELEVATION_LOSS FLAT_GROUND_DISTANCE FLOORS FLOORS_DAILY GOLF_SHOT_COUNT INCLINE_DISTANCE PACE REP_COUNT RUNNING_STEPS SPEED STEPS STEPS_DAILY STEPS_PER_MINUTE SWIMMING_LAP_COUNT SWIMMING_STROKES CALORIES_TOTAL WALKING_STEPS UserActivityInfo UserActivityState | ACTIVITY_RECOGNITION",,"no","Number of swimming strokes taken since the last update.","https://developer.android.com/reference/kotlin/androidx/health/services/client/data/DataType#SWIMMING_STROKES()","https://aifitnessapi.com/wear-os-data-types#type-swimming_strokes"
"SWIMMING_STROKES_TOTAL","AggregateDataType<Long, CumulativeDataPoint<Long>>","AggregateDataType","Long","CumulativeDataPoint",,,,"no","Total number of swimming strokes taken since the start of the current active exercise.","https://developer.android.com/reference/kotlin/androidx/health/services/client/data/DataType#SWIMMING_STROKES_TOTAL()","https://aifitnessapi.com/wear-os-data-types#type-swimming_strokes_total"
"VERTICAL_OSCILLATION","DeltaDataType<Double, SampleDataPoint<Double>>","DeltaDataType","Double","SampleDataPoint",,,,"no","Distance the center of mass moves up-and-down with each step in centimeters in double format.","https://developer.android.com/reference/kotlin/androidx/health/services/client/data/DataType#VERTICAL_OSCILLATION()","https://aifitnessapi.com/wear-os-data-types#type-vertical_oscillation"
"VERTICAL_OSCILLATION_STATS","AggregateDataType<Double, StatisticalDataPoint<Double>>","AggregateDataType","Double","StatisticalDataPoint",,,,"no","Statistic on distance the center of mass moves up-and-down with each step in centimeters in double format.","https://developer.android.com/reference/kotlin/androidx/health/services/client/data/DataType#VERTICAL_OSCILLATION_STATS()","https://aifitnessapi.com/wear-os-data-types#type-vertical_oscillation_stats"
"VERTICAL_RATIO","DeltaDataType<Double, SampleDataPoint<Double>>","DeltaDataType","Double","SampleDataPoint",,,,"no","Vertical oscillation / stride length.","https://developer.android.com/reference/kotlin/androidx/health/services/client/data/DataType#VERTICAL_RATIO()","https://aifitnessapi.com/wear-os-data-types#type-vertical_ratio"
"VERTICAL_RATIO_STATS","AggregateDataType<Double, StatisticalDataPoint<Double>>","AggregateDataType","Double","StatisticalDataPoint",,,,"no","Statistics on vertical oscillation / stride length.","https://developer.android.com/reference/kotlin/androidx/health/services/client/data/DataType#VERTICAL_RATIO_STATS()","https://aifitnessapi.com/wear-os-data-types#type-vertical_ratio_stats"
"VO2_MAX","DeltaDataType<Double, SampleDataPoint<Double>>","DeltaDataType","Double","SampleDataPoint",,,,"no","Maximum rate of oxygen consumption measured at a specific point in time. Valid range 0f - 100f.","https://developer.android.com/reference/kotlin/androidx/health/services/client/data/DataType#VO2_MAX()","https://aifitnessapi.com/wear-os-data-types#type-vo2_max"
"VO2_MAX_STATS","AggregateDataType<Double, StatisticalDataPoint<Double>>","AggregateDataType","Double","StatisticalDataPoint",,,,"no","Statistics on maximum rate of oxygen consumption measured since the start of an exercise. Valid range 0f - 100f.","https://developer.android.com/reference/kotlin/androidx/health/services/client/data/DataType#VO2_MAX_STATS()","https://aifitnessapi.com/wear-os-data-types#type-vo2_max_stats"
"WALKING_STEPS","DeltaDataType<Long, IntervalDataPoint<Long>>","DeltaDataType","Long","IntervalDataPoint","ACTIVITY_RECOGNITION","CALORIES CALORIES_DAILY DISTANCE_DAILY DECLINE_DISTANCE DISTANCE ELEVATION_GAIN ELEVATION_LOSS FLAT_GROUND_DISTANCE FLOORS FLOORS_DAILY GOLF_SHOT_COUNT INCLINE_DISTANCE PACE REP_COUNT RUNNING_STEPS SPEED STEPS STEPS_DAILY STEPS_PER_MINUTE SWIMMING_LAP_COUNT SWIMMING_STROKES CALORIES_TOTAL WALKING_STEPS UserActivityInfo UserActivityState | ACTIVITY_RECOGNITION",,"no","Number of steps taken while walking since the last update.","https://developer.android.com/reference/kotlin/androidx/health/services/client/data/DataType#WALKING_STEPS()","https://aifitnessapi.com/wear-os-data-types#type-walking_steps"
"WALKING_STEPS_TOTAL","AggregateDataType<Long, CumulativeDataPoint<Long>>","AggregateDataType","Long","CumulativeDataPoint",,,,"no","Total number of steps taken while walking since the start of the current active exercise.","https://developer.android.com/reference/kotlin/androidx/health/services/client/data/DataType#WALKING_STEPS_TOTAL()","https://aifitnessapi.com/wear-os-data-types#type-walking_steps_total"