identifier,objcConstant,family,group,abstract,aggregation,unitFamily,valueEnum,iosIntroduced,watchosIntroduced,deprecated,appleDocumented,appleDocs
"activeEnergyBurned","HKQuantityTypeIdentifierActiveEnergyBurned","HKQuantityTypeIdentifier","Activity","A quantity sample type that measures the amount of active energy the user has burned.","cumulative","energy",,"8.0","2.0","no","yes","https://developer.apple.com/documentation/healthkit/hkquantitytypeidentifier/activeenergyburned"
"appleExerciseTime","HKQuantityTypeIdentifierAppleExerciseTime","HKQuantityTypeIdentifier","Activity","A quantity sample type that measures the amount of time the user spent exercising.","cumulative","time",,"9.3","2.2","no","yes","https://developer.apple.com/documentation/healthkit/hkquantitytypeidentifier/appleexercisetime"
"appleMoveTime","HKQuantityTypeIdentifierAppleMoveTime","HKQuantityTypeIdentifier","Activity","A quantity sample type that measures the amount of time the user has spent performing activities that involve full-body movements during the specified day.","cumulative","time",,"14.5","7.4","no","yes","https://developer.apple.com/documentation/healthkit/hkquantitytypeidentifier/applemovetime"
"appleSleepingBreathingDisturbances","HKQuantityTypeIdentifierAppleSleepingBreathingDisturbances","HKQuantityTypeIdentifier","Mindfulness and Sleep",,,,,"18.0","11.0","no","no","https://developer.apple.com/documentation/healthkit/hkquantitytypeidentifier/applesleepingbreathingdisturbances"
"appleSleepingWristTemperature","HKQuantityTypeIdentifierAppleSleepingWristTemperature","HKQuantityTypeIdentifier","Body measurements","A quantity sample type that records the wrist temperature during sleep.","discrete","temperature",,"16.0","9.0","no","yes","https://developer.apple.com/documentation/healthkit/hkquantitytypeidentifier/applesleepingwristtemperature"
"appleStandTime","HKQuantityTypeIdentifierAppleStandTime","HKQuantityTypeIdentifier","Activity","A quantity sample type that measures the amount of time the user has spent standing.","cumulative","time",,"13.0","6.0","no","yes","https://developer.apple.com/documentation/healthkit/hkquantitytypeidentifier/applestandtime"
"appleWalkingSteadiness","HKQuantityTypeIdentifierAppleWalkingSteadiness","HKQuantityTypeIdentifier","Mobility","A quantity sample type that measures the steadiness of the user’s gait.","discrete","percentage",,"15.0","8.0","no","yes","https://developer.apple.com/documentation/healthkit/hkquantitytypeidentifier/applewalkingsteadiness"
"atrialFibrillationBurden","HKQuantityTypeIdentifierAtrialFibrillationBurden","HKQuantityTypeIdentifier","Vital signs","A quantity type that measures an estimate of the percentage of time a person’s heart shows signs of atrial fibrillation (AFib) while wearing Apple Watch.","discrete","percentage",,"16.0","9.0","no","yes","https://developer.apple.com/documentation/healthkit/hkquantitytypeidentifier/atrialfibrillationburden"
"basalBodyTemperature","HKQuantityTypeIdentifierBasalBodyTemperature","HKQuantityTypeIdentifier","Reproductive health","A quantity sample type that records the user’s basal body temperature.","discrete","temperature",,"9.0","2.0","no","yes","https://developer.apple.com/documentation/healthkit/hkquantitytypeidentifier/basalbodytemperature"
"basalEnergyBurned","HKQuantityTypeIdentifierBasalEnergyBurned","HKQuantityTypeIdentifier","Activity","A quantity sample type that measures the resting energy burned by the user.","cumulative","energy",,"8.0","2.0","no","yes","https://developer.apple.com/documentation/healthkit/hkquantitytypeidentifier/basalenergyburned"
"bloodAlcoholContent","HKQuantityTypeIdentifierBloodAlcoholContent","HKQuantityTypeIdentifier","Alcohol consumption","A quantity sample type that measures the user’s blood alcohol content.","discrete","percent",,"8.0","2.0","no","yes","https://developer.apple.com/documentation/healthkit/hkquantitytypeidentifier/bloodalcoholcontent"
"bloodGlucose","HKQuantityTypeIdentifierBloodGlucose","HKQuantityTypeIdentifier","Lab and test results","A quantity sample type that measures the user’s blood glucose level.","discrete","mass/volume",,"8.0","2.0","no","yes","https://developer.apple.com/documentation/healthkit/hkquantitytypeidentifier/bloodglucose"
"bloodPressureDiastolic","HKQuantityTypeIdentifierBloodPressureDiastolic","HKQuantityTypeIdentifier","Vital signs","A quantity sample type that measures the user’s diastolic blood pressure.","discrete","pressure",,"8.0","2.0","no","yes","https://developer.apple.com/documentation/healthkit/hkquantitytypeidentifier/bloodpressurediastolic"
"bloodPressureSystolic","HKQuantityTypeIdentifierBloodPressureSystolic","HKQuantityTypeIdentifier","Vital signs","A quantity sample type that measures the user’s systolic blood pressure.","discrete","pressure",,"8.0","2.0","no","yes","https://developer.apple.com/documentation/healthkit/hkquantitytypeidentifier/bloodpressuresystolic"
"bodyFatPercentage","HKQuantityTypeIdentifierBodyFatPercentage","HKQuantityTypeIdentifier","Body measurements","A quantity sample type that measures the user’s body fat percentage.","discrete","percent",,"8.0","2.0","no","yes","https://developer.apple.com/documentation/healthkit/hkquantitytypeidentifier/bodyfatpercentage"
"bodyMass","HKQuantityTypeIdentifierBodyMass","HKQuantityTypeIdentifier","Body measurements","A quantity sample type that measures the user’s weight.","discrete","mass",,"8.0","2.0","no","yes","https://developer.apple.com/documentation/healthkit/hkquantitytypeidentifier/bodymass"
"bodyMassIndex","HKQuantityTypeIdentifierBodyMassIndex","HKQuantityTypeIdentifier","Body measurements","A quantity sample type that measures the user’s body mass index.","discrete","count",,"8.0","2.0","no","yes","https://developer.apple.com/documentation/healthkit/hkquantitytypeidentifier/bodymassindex"
"bodyTemperature","HKQuantityTypeIdentifierBodyTemperature","HKQuantityTypeIdentifier","Vital signs","A quantity sample type that measures the user’s body temperature.","discrete","temperature",,"8.0","2.0","no","yes","https://developer.apple.com/documentation/healthkit/hkquantitytypeidentifier/bodytemperature"
"crossCountrySkiingSpeed","HKQuantityTypeIdentifierCrossCountrySkiingSpeed","HKQuantityTypeIdentifier","Activity","A quantity sample type that measures how fast you are traveling while cross country skiing.","discrete","distance per time",,"18.0","11.0","no","yes","https://developer.apple.com/documentation/healthkit/hkquantitytypeidentifier/crosscountryskiingspeed"
"cyclingCadence","HKQuantityTypeIdentifierCyclingCadence","HKQuantityTypeIdentifier","Activity","A quantity sample type that represents the rate at which the user is pedaling.","discrete","counts per minute",,"17.0","10.0","no","yes","https://developer.apple.com/documentation/healthkit/hkquantitytypeidentifier/cyclingcadence"
"cyclingFunctionalThresholdPower","HKQuantityTypeIdentifierCyclingFunctionalThresholdPower","HKQuantityTypeIdentifier","Activity","A quantity sample type that measures the estimated maximum average power sustained while riding a bike for 60 minutes.","discrete","power",,"17.0","10.0","no","yes","https://developer.apple.com/documentation/healthkit/hkquantitytypeidentifier/cyclingfunctionalthresholdpower"
"cyclingPower","HKQuantityTypeIdentifierCyclingPower","HKQuantityTypeIdentifier","Activity","A quantity sample type that measures the estimated power being used while riding a bike.","discrete","power",,"17.0","10.0","no","yes","https://developer.apple.com/documentation/healthkit/hkquantitytypeidentifier/cyclingpower"
"cyclingSpeed","HKQuantityTypeIdentifierCyclingSpeed","HKQuantityTypeIdentifier","Activity","A quantity sample type that measures how fast you are traveling while riding a bike.","discrete","distance per time",,"17.0","10.0","no","yes","https://developer.apple.com/documentation/healthkit/hkquantitytypeidentifier/cyclingspeed"
"dietaryBiotin","HKQuantityTypeIdentifierDietaryBiotin","HKQuantityTypeIdentifier","Nutrition","A quantity sample type that measures the amount of biotin (vitamin B7) consumed.","cumulative","mass",,"8.0","2.0","no","yes","https://developer.apple.com/documentation/healthkit/hkquantitytypeidentifier/dietarybiotin"
"dietaryCaffeine","HKQuantityTypeIdentifierDietaryCaffeine","HKQuantityTypeIdentifier","Nutrition","A quantity sample type that measures the amount of caffeine consumed.","cumulative","mass",,"8.0","2.0","no","yes","https://developer.apple.com/documentation/healthkit/hkquantitytypeidentifier/dietarycaffeine"
"dietaryCalcium","HKQuantityTypeIdentifierDietaryCalcium","HKQuantityTypeIdentifier","Nutrition","A quantity sample type that measures the amount of calcium consumed.","cumulative","mass",,"8.0","2.0","no","yes","https://developer.apple.com/documentation/healthkit/hkquantitytypeidentifier/dietarycalcium"
"dietaryCarbohydrates","HKQuantityTypeIdentifierDietaryCarbohydrates","HKQuantityTypeIdentifier","Nutrition","A quantity sample type that measures the amount of carbohydrates consumed.","cumulative","mass",,"8.0","2.0","no","yes","https://developer.apple.com/documentation/healthkit/hkquantitytypeidentifier/dietarycarbohydrates"
"dietaryChloride","HKQuantityTypeIdentifierDietaryChloride","HKQuantityTypeIdentifier","Nutrition","A quantity sample type that measures the amount of chloride consumed.","cumulative","mass",,"8.0","2.0","no","yes","https://developer.apple.com/documentation/healthkit/hkquantitytypeidentifier/dietarychloride"
"dietaryCholesterol","HKQuantityTypeIdentifierDietaryCholesterol","HKQuantityTypeIdentifier","Nutrition","A quantity sample type that measures the amount of cholesterol consumed.","cumulative","mass",,"8.0","2.0","no","yes","https://developer.apple.com/documentation/healthkit/hkquantitytypeidentifier/dietarycholesterol"
"dietaryChromium","HKQuantityTypeIdentifierDietaryChromium","HKQuantityTypeIdentifier","Nutrition","A quantity sample type that measures the amount of chromium consumed.","cumulative","mass",,"8.0","2.0","no","yes","https://developer.apple.com/documentation/healthkit/hkquantitytypeidentifier/dietarychromium"
"dietaryCopper","HKQuantityTypeIdentifierDietaryCopper","HKQuantityTypeIdentifier","Nutrition","A quantity sample type that measures the amount of copper consumed.","cumulative","mass",,"8.0","2.0","no","yes","https://developer.apple.com/documentation/healthkit/hkquantitytypeidentifier/dietarycopper"
"dietaryEnergyConsumed","HKQuantityTypeIdentifierDietaryEnergyConsumed","HKQuantityTypeIdentifier","Nutrition","A quantity sample type that measures the amount of energy consumed.","cumulative","energy",,"8.0","2.0","no","yes","https://developer.apple.com/documentation/healthkit/hkquantitytypeidentifier/dietaryenergyconsumed"
"dietaryFatMonounsaturated","HKQuantityTypeIdentifierDietaryFatMonounsaturated","HKQuantityTypeIdentifier","Nutrition","A quantity sample type that measures the amount of monounsaturated fat consumed.","cumulative","mass",,"8.0","2.0","no","yes","https://developer.apple.com/documentation/healthkit/hkquantitytypeidentifier/dietaryfatmonounsaturated"
"dietaryFatPolyunsaturated","HKQuantityTypeIdentifierDietaryFatPolyunsaturated","HKQuantityTypeIdentifier","Nutrition","A quantity sample type that measures the amount of polyunsaturated fat consumed.","cumulative","mass",,"8.0","2.0","no","yes","https://developer.apple.com/documentation/healthkit/hkquantitytypeidentifier/dietaryfatpolyunsaturated"
"dietaryFatSaturated","HKQuantityTypeIdentifierDietaryFatSaturated","HKQuantityTypeIdentifier","Nutrition","A quantity sample type that measures the amount of saturated fat consumed.","cumulative","mass",,"8.0","2.0","no","yes","https://developer.apple.com/documentation/healthkit/hkquantitytypeidentifier/dietaryfatsaturated"
"dietaryFatTotal","HKQuantityTypeIdentifierDietaryFatTotal","HKQuantityTypeIdentifier","Nutrition","A quantity sample type that measures the total amount of fat consumed.","cumulative","mass",,"8.0","2.0","no","yes","https://developer.apple.com/documentation/healthkit/hkquantitytypeidentifier/dietaryfattotal"
"dietaryFiber","HKQuantityTypeIdentifierDietaryFiber","HKQuantityTypeIdentifier","Nutrition","A quantity sample type that measures the amount of fiber consumed.","cumulative","mass",,"8.0","2.0","no","yes","https://developer.apple.com/documentation/healthkit/hkquantitytypeidentifier/dietaryfiber"
"dietaryFolate","HKQuantityTypeIdentifierDietaryFolate","HKQuantityTypeIdentifier","Nutrition","A quantity sample type that measures the amount of folate (folic acid) consumed.","cumulative","mass",,"8.0","2.0","no","yes","https://developer.apple.com/documentation/healthkit/hkquantitytypeidentifier/dietaryfolate"
"dietaryIodine","HKQuantityTypeIdentifierDietaryIodine","HKQuantityTypeIdentifier","Nutrition","A quantity sample type that measures the amount of iodine consumed.","cumulative","mass",,"8.0","2.0","no","yes","https://developer.apple.com/documentation/healthkit/hkquantitytypeidentifier/dietaryiodine"
"dietaryIron","HKQuantityTypeIdentifierDietaryIron","HKQuantityTypeIdentifier","Nutrition","A quantity sample type that measures the amount of iron consumed.","cumulative","mass",,"8.0","2.0","no","yes","https://developer.apple.com/documentation/healthkit/hkquantitytypeidentifier/dietaryiron"
"dietaryMagnesium","HKQuantityTypeIdentifierDietaryMagnesium","HKQuantityTypeIdentifier","Nutrition","A quantity sample type that measures the amount of magnesium consumed.","cumulative","mass",,"8.0","2.0","no","yes","https://developer.apple.com/documentation/healthkit/hkquantitytypeidentifier/dietarymagnesium"
"dietaryManganese","HKQuantityTypeIdentifierDietaryManganese","HKQuantityTypeIdentifier","Nutrition","A quantity sample type that measures the amount of manganese consumed.","cumulative","mass",,"8.0","2.0","no","yes","https://developer.apple.com/documentation/healthkit/hkquantitytypeidentifier/dietarymanganese"
"dietaryMolybdenum","HKQuantityTypeIdentifierDietaryMolybdenum","HKQuantityTypeIdentifier","Nutrition","A quantity sample type that measures the amount of molybdenum consumed.","cumulative","mass",,"8.0","2.0","no","yes","https://developer.apple.com/documentation/healthkit/hkquantitytypeidentifier/dietarymolybdenum"
"dietaryNiacin","HKQuantityTypeIdentifierDietaryNiacin","HKQuantityTypeIdentifier","Nutrition","A quantity sample type that measures the amount of niacin (vitamin B3) consumed.","cumulative","mass",,"8.0","2.0","no","yes","https://developer.apple.com/documentation/healthkit/hkquantitytypeidentifier/dietaryniacin"
"dietaryPantothenicAcid","HKQuantityTypeIdentifierDietaryPantothenicAcid","HKQuantityTypeIdentifier","Nutrition","A quantity sample type that measures the amount of pantothenic acid (vitamin B5) consumed.","cumulative","mass",,"8.0","2.0","no","yes","https://developer.apple.com/documentation/healthkit/hkquantitytypeidentifier/dietarypantothenicacid"
"dietaryPhosphorus","HKQuantityTypeIdentifierDietaryPhosphorus","HKQuantityTypeIdentifier","Nutrition","A quantity sample type that measures the amount of phosphorus consumed.","cumulative","mass",,"8.0","2.0","no","yes","https://developer.apple.com/documentation/healthkit/hkquantitytypeidentifier/dietaryphosphorus"
"dietaryPotassium","HKQuantityTypeIdentifierDietaryPotassium","HKQuantityTypeIdentifier","Nutrition","A quantity sample type that measures the amount of potassium consumed.","cumulative","mass",,"8.0","2.0","no","yes","https://developer.apple.com/documentation/healthkit/hkquantitytypeidentifier/dietarypotassium"
"dietaryProtein","HKQuantityTypeIdentifierDietaryProtein","HKQuantityTypeIdentifier","Nutrition","A quantity sample type that measures the amount of protein consumed.","cumulative","mass",,"8.0","2.0","no","yes","https://developer.apple.com/documentation/healthkit/hkquantitytypeidentifier/dietaryprotein"
"dietaryRiboflavin","HKQuantityTypeIdentifierDietaryRiboflavin","HKQuantityTypeIdentifier","Nutrition","A quantity sample type that measures the amount of riboflavin (vitamin B2) consumed.","cumulative","mass",,"8.0","2.0","no","yes","https://developer.apple.com/documentation/healthkit/hkquantitytypeidentifier/dietaryriboflavin"
"dietarySelenium","HKQuantityTypeIdentifierDietarySelenium","HKQuantityTypeIdentifier","Nutrition","A quantity sample type that measures the amount of selenium consumed.","cumulative","mass",,"8.0","2.0","no","yes","https://developer.apple.com/documentation/healthkit/hkquantitytypeidentifier/dietaryselenium"
"dietarySodium","HKQuantityTypeIdentifierDietarySodium","HKQuantityTypeIdentifier","Nutrition","A quantity sample type that measures the amount of sodium consumed.","cumulative","mass",,"8.0","2.0","no","yes","https://developer.apple.com/documentation/healthkit/hkquantitytypeidentifier/dietarysodium"
"dietarySugar","HKQuantityTypeIdentifierDietarySugar","HKQuantityTypeIdentifier","Nutrition","A quantity sample type that measures the amount of sugar consumed.","cumulative","mass",,"8.0","2.0","no","yes","https://developer.apple.com/documentation/healthkit/hkquantitytypeidentifier/dietarysugar"
"dietaryThiamin","HKQuantityTypeIdentifierDietaryThiamin","HKQuantityTypeIdentifier","Nutrition","A quantity sample type that measures the amount of thiamin (vitamin B1) consumed.","cumulative","mass",,"8.0","2.0","no","yes","https://developer.apple.com/documentation/healthkit/hkquantitytypeidentifier/dietarythiamin"
"dietaryVitaminA","HKQuantityTypeIdentifierDietaryVitaminA","HKQuantityTypeIdentifier","Nutrition","A quantity sample type that measures the amount of vitamin A consumed.","cumulative","mass",,"8.0","2.0","no","yes","https://developer.apple.com/documentation/healthkit/hkquantitytypeidentifier/dietaryvitamina"
"dietaryVitaminB12","HKQuantityTypeIdentifierDietaryVitaminB12","HKQuantityTypeIdentifier","Nutrition","A quantity sample type that measures the amount of cyanocobalamin (vitamin B12) consumed.","cumulative","mass",,"8.0","2.0","no","yes","https://developer.apple.com/documentation/healthkit/hkquantitytypeidentifier/dietaryvitaminb12"
"dietaryVitaminB6","HKQuantityTypeIdentifierDietaryVitaminB6","HKQuantityTypeIdentifier","Nutrition","A quantity sample type that measures the amount of pyridoxine (vitamin B6) consumed.","cumulative","mass",,"8.0","2.0","no","yes","https://developer.apple.com/documentation/healthkit/hkquantitytypeidentifier/dietaryvitaminb6"
"dietaryVitaminC","HKQuantityTypeIdentifierDietaryVitaminC","HKQuantityTypeIdentifier","Nutrition","A quantity sample type that measures the amount of vitamin C consumed.","cumulative","mass",,"8.0","2.0","no","yes","https://developer.apple.com/documentation/healthkit/hkquantitytypeidentifier/dietaryvitaminc"
"dietaryVitaminD","HKQuantityTypeIdentifierDietaryVitaminD","HKQuantityTypeIdentifier","Nutrition","A quantity sample type that measures the amount of vitamin D consumed.","cumulative","mass",,"8.0","2.0","no","yes","https://developer.apple.com/documentation/healthkit/hkquantitytypeidentifier/dietaryvitamind"
"dietaryVitaminE","HKQuantityTypeIdentifierDietaryVitaminE","HKQuantityTypeIdentifier","Nutrition","A quantity sample type that measures the amount of vitamin E consumed.","cumulative","mass",,"8.0","2.0","no","yes","https://developer.apple.com/documentation/healthkit/hkquantitytypeidentifier/dietaryvitamine"
"dietaryVitaminK","HKQuantityTypeIdentifierDietaryVitaminK","HKQuantityTypeIdentifier","Nutrition","A quantity sample type that measures the amount of vitamin K consumed.","cumulative","mass",,"8.0","2.0","no","yes","https://developer.apple.com/documentation/healthkit/hkquantitytypeidentifier/dietaryvitamink"
"dietaryWater","HKQuantityTypeIdentifierDietaryWater","HKQuantityTypeIdentifier","Nutrition","A quantity sample type that measures the amount of water consumed.","cumulative","volume",,"9.0","2.0","no","yes","https://developer.apple.com/documentation/healthkit/hkquantitytypeidentifier/dietarywater"
"dietaryZinc","HKQuantityTypeIdentifierDietaryZinc","HKQuantityTypeIdentifier","Nutrition","A quantity sample type that measures the amount of zinc consumed.","cumulative","mass",,"8.0","2.0","no","yes","https://developer.apple.com/documentation/healthkit/hkquantitytypeidentifier/dietaryzinc"
"distanceCrossCountrySkiing","HKQuantityTypeIdentifierDistanceCrossCountrySkiing","HKQuantityTypeIdentifier","Activity","A quantity sample type that measures the distance the user has moved by cross country skiing.","cumulative","length",,"18.0","11.0","no","yes","https://developer.apple.com/documentation/healthkit/hkquantitytypeidentifier/distancecrosscountryskiing"
"distanceCycling","HKQuantityTypeIdentifierDistanceCycling","HKQuantityTypeIdentifier","Activity","A quantity sample type that measures the distance the user has moved by cycling.","cumulative","length",,"8.0","2.0","no","yes","https://developer.apple.com/documentation/healthkit/hkquantitytypeidentifier/distancecycling"
"distanceDownhillSnowSports","HKQuantityTypeIdentifierDistanceDownhillSnowSports","HKQuantityTypeIdentifier","Activity","A quantity sample type that measures the distance the user has traveled while skiing or snowboarding.","cumulative","length",,"11.2","4.2","no","yes","https://developer.apple.com/documentation/healthkit/hkquantitytypeidentifier/distancedownhillsnowsports"
"distancePaddleSports","HKQuantityTypeIdentifierDistancePaddleSports","HKQuantityTypeIdentifier","Activity","A quantity sample type that measures the distance the user has moved by paddling sports.","cumulative","length",,"18.0","11.0","no","yes","https://developer.apple.com/documentation/healthkit/hkquantitytypeidentifier/distancepaddlesports"
"distanceRowing","HKQuantityTypeIdentifierDistanceRowing","HKQuantityTypeIdentifier","Activity","A quantity sample type that measures the distance the user has moved by rowing.","cumulative","length",,"18.0","11.0","no","yes","https://developer.apple.com/documentation/healthkit/hkquantitytypeidentifier/distancerowing"
"distanceSkatingSports","HKQuantityTypeIdentifierDistanceSkatingSports","HKQuantityTypeIdentifier","Activity","A quantity sample type that measures the distance the user has moved by skating.","cumulative","length",,"18.0","11.0","no","yes","https://developer.apple.com/documentation/healthkit/hkquantitytypeidentifier/distanceskatingsports"
"distanceSwimming","HKQuantityTypeIdentifierDistanceSwimming","HKQuantityTypeIdentifier","Activity","A quantity sample type that measures the distance the user has moved while swimming.","cumulative","length",,"10.0","3.0","no","yes","https://developer.apple.com/documentation/healthkit/hkquantitytypeidentifier/distanceswimming"
"distanceWalkingRunning","HKQuantityTypeIdentifierDistanceWalkingRunning","HKQuantityTypeIdentifier","Activity","A quantity sample type that measures the distance the user has moved by walking or running.","cumulative","length",,"8.0","2.0","no","yes","https://developer.apple.com/documentation/healthkit/hkquantitytypeidentifier/distancewalkingrunning"
"distanceWheelchair","HKQuantityTypeIdentifierDistanceWheelchair","HKQuantityTypeIdentifier","Activity","A quantity sample type that measures the distance the user has moved using a wheelchair.","cumulative","length",,"10.0","3.0","no","yes","https://developer.apple.com/documentation/healthkit/hkquantitytypeidentifier/distancewheelchair"
"electrodermalActivity","HKQuantityTypeIdentifierElectrodermalActivity","HKQuantityTypeIdentifier","Lab and test results","A quantity sample type that measures electrodermal activity.","discrete","conductance",,"8.0","2.0","no","yes","https://developer.apple.com/documentation/healthkit/hkquantitytypeidentifier/electrodermalactivity"
"environmentalAudioExposure","HKQuantityTypeIdentifierEnvironmentalAudioExposure","HKQuantityTypeIdentifier","Hearing","A quantity sample type that measures audio exposure to sounds in the environment.","discrete","sound pressure",,"13.0","6.0","no","yes","https://developer.apple.com/documentation/healthkit/hkquantitytypeidentifier/environmentalaudioexposure"
"environmentalSoundReduction","HKQuantityTypeIdentifierEnvironmentalSoundReduction","HKQuantityTypeIdentifier","Hearing","A quantity sample type that measures the difference in sound intensity when wearing headphones that lower environmental sound levels.","discrete","sound pressure",,"16.0","9.0","no","yes","https://developer.apple.com/documentation/healthkit/hkquantitytypeidentifier/environmentalsoundreduction"
"estimatedWorkoutEffortScore","HKQuantityTypeIdentifierEstimatedWorkoutEffortScore","HKQuantityTypeIdentifier","Activity",,,,,"18.0","11.0","no","no","https://developer.apple.com/documentation/healthkit/hkquantitytypeidentifier/estimatedworkouteffortscore"
"flightsClimbed","HKQuantityTypeIdentifierFlightsClimbed","HKQuantityTypeIdentifier","Activity","A quantity sample type that measures the number flights of stairs that the user has climbed.","cumulative","count",,"8.0","2.0","no","yes","https://developer.apple.com/documentation/healthkit/hkquantitytypeidentifier/flightsclimbed"
"forcedExpiratoryVolume1","HKQuantityTypeIdentifierForcedExpiratoryVolume1","HKQuantityTypeIdentifier","Lab and test results","A quantity sample type that measures the amount of air that can be forcibly exhaled from the lungs during the first second of a forced exhalation.","discrete","volume",,"8.0","2.0","no","yes","https://developer.apple.com/documentation/healthkit/hkquantitytypeidentifier/forcedexpiratoryvolume1"
"forcedVitalCapacity","HKQuantityTypeIdentifierForcedVitalCapacity","HKQuantityTypeIdentifier","Lab and test results","A quantity sample type that measures the amount of air that can be forcibly exhaled from the lungs after taking the deepest breath possible.","discrete","volume",,"8.0","2.0","no","yes","https://developer.apple.com/documentation/healthkit/hkquantitytypeidentifier/forcedvitalcapacity"
"headphoneAudioExposure","HKQuantityTypeIdentifierHeadphoneAudioExposure","HKQuantityTypeIdentifier","Hearing","A quantity sample type that measures audio exposure from headphones.","discrete","sound pressure",,"13.0","6.0","no","yes","https://developer.apple.com/documentation/healthkit/hkquantitytypeidentifier/headphoneaudioexposure"
"heartRate","HKQuantityTypeIdentifierHeartRate","HKQuantityTypeIdentifier","Vital signs","A quantity sample type that measures the user’s heart rate.","discrete","count/time",,"8.0","2.0","no","yes","https://developer.apple.com/documentation/healthkit/hkquantitytypeidentifier/heartrate"
"heartRateRecoveryOneMinute","HKQuantityTypeIdentifierHeartRateRecoveryOneMinute","HKQuantityTypeIdentifier","Vital signs","A quantity sample that records the reduction in heart rate from the peak exercise rate to the rate one minute after exercising ended.","discrete","count",,"16.0","9.0","no","yes","https://developer.apple.com/documentation/healthkit/hkquantitytypeidentifier/heartraterecoveryoneminute"
"heartRateVariabilitySDNN","HKQuantityTypeIdentifierHeartRateVariabilitySDNN","HKQuantityTypeIdentifier","Vital signs","A quantity sample type that measures the standard deviation of heartbeat intervals.","discrete","time",,"11.0","4.0","no","yes","https://developer.apple.com/documentation/healthkit/hkquantitytypeidentifier/heartratevariabilitysdnn"
"height","HKQuantityTypeIdentifierHeight","HKQuantityTypeIdentifier","Body measurements","A quantity sample type that measures the user’s height.","discrete","length",,"8.0","2.0","no","yes","https://developer.apple.com/documentation/healthkit/hkquantitytypeidentifier/height"
"inhalerUsage","HKQuantityTypeIdentifierInhalerUsage","HKQuantityTypeIdentifier","Lab and test results","A quantity sample type that measures the number of puffs the user takes from their inhaler.","cumulative","count",,"8.0","2.0","no","yes","https://developer.apple.com/documentation/healthkit/hkquantitytypeidentifier/inhalerusage"
"insulinDelivery","HKQuantityTypeIdentifierInsulinDelivery","HKQuantityTypeIdentifier","Lab and test results","A quantity sample that measures the amount of insulin delivered.","cumulative","international",,"11.0","4.0","no","yes","https://developer.apple.com/documentation/healthkit/hkquantitytypeidentifier/insulindelivery"
"leanBodyMass","HKQuantityTypeIdentifierLeanBodyMass","HKQuantityTypeIdentifier","Body measurements","A quantity sample type that measures the user’s lean body mass.","discrete","mass",,"8.0","2.0","no","yes","https://developer.apple.com/documentation/healthkit/hkquantitytypeidentifier/leanbodymass"
"nikeFuel","HKQuantityTypeIdentifierNikeFuel","HKQuantityTypeIdentifier","Activity","A quantity sample type that measures the number of NikeFuel points the user has earned.","cumulative","count",,"8.0","2.0","no","yes","https://developer.apple.com/documentation/healthkit/hkquantitytypeidentifier/nikefuel"
"numberOfAlcoholicBeverages","HKQuantityTypeIdentifierNumberOfAlcoholicBeverages","HKQuantityTypeIdentifier","Alcohol consumption","A quantity sample type that measures the number of standard alcoholic drinks that the user has consumed.","cumulative","count",,"15.0","8.0","no","yes","https://developer.apple.com/documentation/healthkit/hkquantitytypeidentifier/numberofalcoholicbeverages"
"numberOfTimesFallen","HKQuantityTypeIdentifierNumberOfTimesFallen","HKQuantityTypeIdentifier","Lab and test results","A quantity sample type that measures the number of times the user fell.","cumulative","count",,"8.0","2.0","no","yes","https://developer.apple.com/documentation/healthkit/hkquantitytypeidentifier/numberoftimesfallen"
"oxygenSaturation","HKQuantityTypeIdentifierOxygenSaturation","HKQuantityTypeIdentifier","Vital signs","A quantity sample type that measures the user’s oxygen saturation.","discrete","percent",,"8.0","2.0","no","yes","https://developer.apple.com/documentation/healthkit/hkquantitytypeidentifier/oxygensaturation"
"paddleSportsSpeed","HKQuantityTypeIdentifierPaddleSportsSpeed","HKQuantityTypeIdentifier","Activity","A quantity sample type that measures the distance the user has moved by paddling sports.","cumulative","distance per time",,"18.0","11.0","no","yes","https://developer.apple.com/documentation/healthkit/hkquantitytypeidentifier/paddlesportsspeed"
"peakExpiratoryFlowRate","HKQuantityTypeIdentifierPeakExpiratoryFlowRate","HKQuantityTypeIdentifier","Lab and test results","A quantity sample type that measures the user’s maximum flow rate generated during a forceful exhalation.","discrete","volume/time",,"8.0","2.0","no","yes","https://developer.apple.com/documentation/healthkit/hkquantitytypeidentifier/peakexpiratoryflowrate"
"peripheralPerfusionIndex","HKQuantityTypeIdentifierPeripheralPerfusionIndex","HKQuantityTypeIdentifier","Lab and test results","A quantity sample type that measures the user’s peripheral perfusion index.","discrete","percent",,"8.0","2.0","no","yes","https://developer.apple.com/documentation/healthkit/hkquantitytypeidentifier/peripheralperfusionindex"
"physicalEffort","HKQuantityTypeIdentifierPhysicalEffort","HKQuantityTypeIdentifier","Activity","A quantity sample type that measures the estimated amount of energy being used to perform a task excluding other factors such as temperature, altitude, or heart rate.","discrete",,,"17.0","10.0","no","yes","https://developer.apple.com/documentation/healthkit/hkquantitytypeidentifier/physicaleffort"
"pushCount","HKQuantityTypeIdentifierPushCount","HKQuantityTypeIdentifier","Activity","A quantity sample type that measures the number of pushes that the user has performed while using a wheelchair.","cumulative","count",,"10.0","3.0","no","yes","https://developer.apple.com/documentation/healthkit/hkquantitytypeidentifier/pushcount"
"respiratoryRate","HKQuantityTypeIdentifierRespiratoryRate","HKQuantityTypeIdentifier","Vital signs","A quantity sample type that measures the user’s respiratory rate.","discrete","count/time",,"8.0","2.0","no","yes","https://developer.apple.com/documentation/healthkit/hkquantitytypeidentifier/respiratoryrate"
"restingHeartRate","HKQuantityTypeIdentifierRestingHeartRate","HKQuantityTypeIdentifier","Vital signs","A quantity sample type that measures the user’s resting heart rate.","discrete","count/time",,"11.0","4.0","no","yes","https://developer.apple.com/documentation/healthkit/hkquantitytypeidentifier/restingheartrate"
"rowingSpeed","HKQuantityTypeIdentifierRowingSpeed","HKQuantityTypeIdentifier","Activity","A quantity sample type that measures how fast the rower is moving.","discrete","distance per time",,"18.0","11.0","no","yes","https://developer.apple.com/documentation/healthkit/hkquantitytypeidentifier/rowingspeed"
"runningGroundContactTime","HKQuantityTypeIdentifierRunningGroundContactTime","HKQuantityTypeIdentifier","Activity","A quantity sample type that measures the amount of time the runner’s foot is in contact with the ground while running.","discrete","time",,"16.0","9.0","no","yes","https://developer.apple.com/documentation/healthkit/hkquantitytypeidentifier/runninggroundcontacttime"
"runningPower","HKQuantityTypeIdentifierRunningPower","HKQuantityTypeIdentifier","Activity","A quantity sample type that measures the rate of work required for the runner to maintain their speed.","discrete","power",,"16.0","9.0","no","yes","https://developer.apple.com/documentation/healthkit/hkquantitytypeidentifier/runningpower"
"runningSpeed","HKQuantityTypeIdentifierRunningSpeed","HKQuantityTypeIdentifier","Activity","A quantity sample type that measures the runner’s speed.","discrete","distance per time",,"16.0","9.0","no","yes","https://developer.apple.com/documentation/healthkit/hkquantitytypeidentifier/runningspeed"
"runningStrideLength","HKQuantityTypeIdentifierRunningStrideLength","HKQuantityTypeIdentifier","Activity","A quantity sample type that measures the distance covered by a single step while running.","discrete","length",,"16.0","9.0","no","yes","https://developer.apple.com/documentation/healthkit/hkquantitytypeidentifier/runningstridelength"
"runningVerticalOscillation","HKQuantityTypeIdentifierRunningVerticalOscillation","HKQuantityTypeIdentifier","Activity","A quantity sample type measuring pelvis vertical range of motion during a single running stride.","discrete","length",,"16.0","9.0","no","yes","https://developer.apple.com/documentation/healthkit/hkquantitytypeidentifier/runningverticaloscillation"
"sixMinuteWalkTestDistance","HKQuantityTypeIdentifierSixMinuteWalkTestDistance","HKQuantityTypeIdentifier","Mobility","A quantity sample type that stores the distance a user can walk during a six-minute walk test.","discrete","length",,"14.0","7.0","no","yes","https://developer.apple.com/documentation/healthkit/hkquantitytypeidentifier/sixminutewalktestdistance"
"stairAscentSpeed","HKQuantityTypeIdentifierStairAscentSpeed","HKQuantityTypeIdentifier","Mobility","A quantity sample type measuring the user’s speed while climbing a flight of stairs.","discrete","distance/time",,"14.0","7.0","no","yes","https://developer.apple.com/documentation/healthkit/hkquantitytypeidentifier/stairascentspeed"
"stairDescentSpeed","HKQuantityTypeIdentifierStairDescentSpeed","HKQuantityTypeIdentifier","Mobility","A quantity sample type measuring the user’s speed while descending a flight of stairs.","discrete","distance/time",,"14.0","7.0","no","yes","https://developer.apple.com/documentation/healthkit/hkquantitytypeidentifier/stairdescentspeed"
"stepCount","HKQuantityTypeIdentifierStepCount","HKQuantityTypeIdentifier","Activity","A quantity sample type that measures the number of steps the user has taken.","cumulative","count",,"8.0","2.0","no","yes","https://developer.apple.com/documentation/healthkit/hkquantitytypeidentifier/stepcount"
"swimmingStrokeCount","HKQuantityTypeIdentifierSwimmingStrokeCount","HKQuantityTypeIdentifier","Activity","A quantity sample type that measures the number of strokes performed while swimming.","cumulative","count",,"10.0","3.0","no","yes","https://developer.apple.com/documentation/healthkit/hkquantitytypeidentifier/swimmingstrokecount"
"timeInDaylight","HKQuantityTypeIdentifierTimeInDaylight","HKQuantityTypeIdentifier","UV exposure","A quantity sample type that measures amount of time the user spent in daylight.","cumulative","time",,"17.0","10.0","no","yes","https://developer.apple.com/documentation/healthkit/hkquantitytypeidentifier/timeindaylight"
"underwaterDepth","HKQuantityTypeIdentifierUnderwaterDepth","HKQuantityTypeIdentifier","Diving","A quantity sample that records a person’s depth underwater.","discrete","length",,"16.0","9.0","no","yes","https://developer.apple.com/documentation/healthkit/hkquantitytypeidentifier/underwaterdepth"
"uvExposure","HKQuantityTypeIdentifierUVExposure","HKQuantityTypeIdentifier","UV exposure","A quantity sample type that measures the user’s exposure to UV radiation.","discrete","count",,"9.0","2.0","no","yes","https://developer.apple.com/documentation/healthkit/hkquantitytypeidentifier/uvexposure"
"vo2Max","HKQuantityTypeIdentifierVO2Max","HKQuantityTypeIdentifier","Activity","A quantity sample that measures the maximal oxygen consumption during exercise.","discrete","volume/mass/time",,"11.0","4.0","no","yes","https://developer.apple.com/documentation/healthkit/hkquantitytypeidentifier/vo2max"
"waistCircumference","HKQuantityTypeIdentifierWaistCircumference","HKQuantityTypeIdentifier","Body measurements","A quantity sample type that measures the user’s waist circumference.","discrete","length",,"11.0","4.0","no","yes","https://developer.apple.com/documentation/healthkit/hkquantitytypeidentifier/waistcircumference"
"walkingAsymmetryPercentage","HKQuantityTypeIdentifierWalkingAsymmetryPercentage","HKQuantityTypeIdentifier","Mobility","A quantity sample type that measures the percentage of steps in which one foot moves at a different speed than the other when walking on flat ground.","discrete","percentage",,"14.0","7.0","no","yes","https://developer.apple.com/documentation/healthkit/hkquantitytypeidentifier/walkingasymmetrypercentage"
"walkingDoubleSupportPercentage","HKQuantityTypeIdentifierWalkingDoubleSupportPercentage","HKQuantityTypeIdentifier","Mobility","A quantity sample type that measures the percentage of time when both of the user’s feet touch the ground while walking steadily over flat ground.","discrete","percentage",,"14.0","7.0","no","yes","https://developer.apple.com/documentation/healthkit/hkquantitytypeidentifier/walkingdoublesupportpercentage"
"walkingHeartRateAverage","HKQuantityTypeIdentifierWalkingHeartRateAverage","HKQuantityTypeIdentifier","Vital signs","A quantity sample type that measures the user’s heart rate while walking.","discrete","count/time",,"11.0","4.0","no","yes","https://developer.apple.com/documentation/healthkit/hkquantitytypeidentifier/walkingheartrateaverage"
"walkingSpeed","HKQuantityTypeIdentifierWalkingSpeed","HKQuantityTypeIdentifier","Mobility","A quantity sample type that measures the user’s average speed when walking steadily over flat ground.","discrete","distance per time",,"14.0","7.0","no","yes","https://developer.apple.com/documentation/healthkit/hkquantitytypeidentifier/walkingspeed"
"walkingStepLength","HKQuantityTypeIdentifierWalkingStepLength","HKQuantityTypeIdentifier","Mobility","A quantity sample type that measures the average length of the user’s step when walking steadily over flat ground.","discrete","distance",,"14.0","7.0","no","yes","https://developer.apple.com/documentation/healthkit/hkquantitytypeidentifier/walkingsteplength"
"waterTemperature","HKQuantityTypeIdentifierWaterTemperature","HKQuantityTypeIdentifier","Diving","A quantity sample that records the water temperature.","discrete","temperature",,"16.0","9.0","no","yes","https://developer.apple.com/documentation/healthkit/hkquantitytypeidentifier/watertemperature"
"workoutEffortScore","HKQuantityTypeIdentifierWorkoutEffortScore","HKQuantityTypeIdentifier","Activity",,,,,"18.0","11.0","no","no","https://developer.apple.com/documentation/healthkit/hkquantitytypeidentifier/workouteffortscore"
"appleStandHour","HKCategoryTypeIdentifierAppleStandHour","HKCategoryTypeIdentifier","Activity","A category sample type that counts the number of hours in the day during which the user has stood and moved for at least one minute per hour.",,,"HKCategoryValueAppleStandHour","9.0","2.0","no","yes","https://developer.apple.com/documentation/healthkit/hkquantitytypeidentifier/applestandhour"
"appleWalkingSteadinessEvent","HKCategoryTypeIdentifierAppleWalkingSteadinessEvent","HKCategoryTypeIdentifier","Mobility","A category sample type that records an incident where the user showed a reduced score for their gait’s steadiness.",,,"HKCategoryValueAppleWalkingSteadinessEvent","15.0","8.0","no","yes","https://developer.apple.com/documentation/healthkit/hkquantitytypeidentifier/applewalkingsteadinessevent"
"audioExposureEvent","HKCategoryTypeIdentifierAudioExposureEvent","HKCategoryTypeIdentifier","Hearing","A category sample type for audio exposure events.",,,"HKCategoryValueAudioExposureEvent","13.0","6.0","no","yes","https://developer.apple.com/documentation/healthkit/hkquantitytypeidentifier/audioexposureevent"
"bleedingAfterMenopause","HKCategoryTypeIdentifierBleedingAfterMenopause","HKCategoryTypeIdentifier","Reproductive Health","An identifier for samples that record bleeding after menopause.",,,,"27.0","27.0","no","yes","https://developer.apple.com/documentation/healthkit/hkquantitytypeidentifier/bleedingaftermenopause"
"cervicalMucusQuality","HKCategoryTypeIdentifierCervicalMucusQuality","HKCategoryTypeIdentifier","Reproductive Health","A category sample type that records the quality of the user’s cervical mucus.",,,"HKCategoryValueCervicalMucusQuality","9.0","2.0","no","yes","https://developer.apple.com/documentation/healthkit/hkquantitytypeidentifier/cervicalmucusquality"
"contraceptive","HKCategoryTypeIdentifierContraceptive","HKCategoryTypeIdentifier","Reproductive Health","A category sample type that records the use of contraceptives.",,,"HKCategoryValueContraceptive","14.3","7.2","no","yes","https://developer.apple.com/documentation/healthkit/hkquantitytypeidentifier/contraceptive"
"environmentalAudioExposureEvent","HKCategoryTypeIdentifierEnvironmentalAudioExposureEvent","HKCategoryTypeIdentifier","Hearing","A category sample type that records exposure to potentially damaging sounds from the environment.",,,"HKCategoryValueEnvironmentalAudioExposureEvent","14.0","7.0","no","yes","https://developer.apple.com/documentation/healthkit/hkquantitytypeidentifier/environmentalaudioexposureevent"
"handwashingEvent","HKCategoryTypeIdentifierHandwashingEvent","HKCategoryTypeIdentifier","Self Care","A category sample type for handwashing events.",,,"HKCategoryValue","14.0","7.0","no","yes","https://developer.apple.com/documentation/healthkit/hkquantitytypeidentifier/handwashingevent"
"headphoneAudioExposureEvent","HKCategoryTypeIdentifierHeadphoneAudioExposureEvent","HKCategoryTypeIdentifier","Hearing","A category sample type that records exposure to potentially damaging sounds from headphones.",,,"HKCategoryValueHeadphoneAudioExposureEvent","14.2","7.1","no","yes","https://developer.apple.com/documentation/healthkit/hkquantitytypeidentifier/headphoneaudioexposureevent"
"highHeartRateEvent","HKCategoryTypeIdentifierHighHeartRateEvent","HKCategoryTypeIdentifier","Vital Signs","A category sample type for high heart rate events.",,,"HKCategoryValue","12.2","5.2","no","yes","https://developer.apple.com/documentation/healthkit/hkquantitytypeidentifier/highheartrateevent"
"hypertensionEvent","HKCategoryTypeIdentifierHypertensionEvent","HKCategoryTypeIdentifier","Type Properties - generated",,,,,"26.2","26.2","no","no","https://developer.apple.com/documentation/healthkit/hkquantitytypeidentifier/hypertensionevent"
"infrequentMenstrualCycles","HKCategoryTypeIdentifierInfrequentMenstrualCycles","HKCategoryTypeIdentifier","Reproductive Health","A category sample that indicates an infrequent menstrual cycle.",,,"HKCategoryValue","16.0","9.0","no","yes","https://developer.apple.com/documentation/healthkit/hkquantitytypeidentifier/infrequentmenstrualcycles"
"intermenstrualBleeding","HKCategoryTypeIdentifierIntermenstrualBleeding","HKCategoryTypeIdentifier","Reproductive Health","A category sample type that records spotting outside the normal menstruation period.",,,"HKCategoryValue","9.0","2.0","no","yes","https://developer.apple.com/documentation/healthkit/hkquantitytypeidentifier/intermenstrualbleeding"
"irregularHeartRhythmEvent","HKCategoryTypeIdentifierIrregularHeartRhythmEvent","HKCategoryTypeIdentifier","Vital Signs","A category sample type for irregular heart rhythm events.",,,"HKCategoryValue","12.2","5.2","no","yes","https://developer.apple.com/documentation/healthkit/hkquantitytypeidentifier/irregularheartrhythmevent"
"irregularMenstrualCycles","HKCategoryTypeIdentifierIrregularMenstrualCycles","HKCategoryTypeIdentifier","Reproductive Health","A category sample that indicates an irregular menstrual cycle.",,,"HKCategoryValue","16.0","9.0","no","yes","https://developer.apple.com/documentation/healthkit/hkquantitytypeidentifier/irregularmenstrualcycles"
"lactation","HKCategoryTypeIdentifierLactation","HKCategoryTypeIdentifier","Reproductive Health","A category type that records lactation.",,,"HKCategoryValue","14.3","7.2","no","yes","https://developer.apple.com/documentation/healthkit/hkquantitytypeidentifier/lactation"
"lowCardioFitnessEvent","HKCategoryTypeIdentifierLowCardioFitnessEvent","HKCategoryTypeIdentifier","Activity","An event that indicates the user’s VO2 max values consistently fall below a particular aerobic fitness threshold.",,,"HKCategoryValueLowCardioFitnessEvent","14.3","7.2","no","yes","https://developer.apple.com/documentation/healthkit/hkquantitytypeidentifier/lowcardiofitnessevent"
"lowHeartRateEvent","HKCategoryTypeIdentifierLowHeartRateEvent","HKCategoryTypeIdentifier","Vital Signs","A category sample type for low heart rate events.",,,"HKCategoryValue","12.2","5.2","no","yes","https://developer.apple.com/documentation/healthkit/hkquantitytypeidentifier/lowheartrateevent"
"menopausalState","HKCategoryTypeIdentifierMenopausalState","HKCategoryTypeIdentifier","Reproductive Health","An identifier for samples that record a person’s menopausal state.",,,"HKCategoryValueMenopausalState","27.0","27.0","no","yes","https://developer.apple.com/documentation/healthkit/hkquantitytypeidentifier/menopausalstate"
"menstrualFlow","HKCategoryTypeIdentifierMenstrualFlow","HKCategoryTypeIdentifier","Reproductive Health","A category sample type that records menstrual cycles.",,,"HKCategoryValueMenstrualFlow","9.0","2.0","no","yes","https://developer.apple.com/documentation/healthkit/hkquantitytypeidentifier/menstrualflow"
"mindfulSession","HKCategoryTypeIdentifierMindfulSession","HKCategoryTypeIdentifier","Mindfulness and Sleep","A category sample type for recording a mindful session.",,,"HKCategoryValue","10.0","3.0","no","yes","https://developer.apple.com/documentation/healthkit/hkquantitytypeidentifier/mindfulsession"
"ovulationTestResult","HKCategoryTypeIdentifierOvulationTestResult","HKCategoryTypeIdentifier","Reproductive Health","A category sample type that records the result of an ovulation home test.",,,"HKCategoryValueOvulationTestResult","9.0","2.0","no","yes","https://developer.apple.com/documentation/healthkit/hkquantitytypeidentifier/ovulationtestresult"
"persistentIntermenstrualBleeding","HKCategoryTypeIdentifierPersistentIntermenstrualBleeding","HKCategoryTypeIdentifier","Reproductive Health","A category sample that indicates persistent intermenstrual bleeding.",,,"HKCategoryValue","16.0","9.0","no","yes","https://developer.apple.com/documentation/healthkit/hkquantitytypeidentifier/persistentintermenstrualbleeding"
"pregnancy","HKCategoryTypeIdentifierPregnancy","HKCategoryTypeIdentifier","Reproductive Health","A category type that records pregnancy.",,,"HKCategoryValue","14.3","7.2","no","yes","https://developer.apple.com/documentation/healthkit/hkquantitytypeidentifier/pregnancy"
"pregnancyTestResult","HKCategoryTypeIdentifierPregnancyTestResult","HKCategoryTypeIdentifier","Reproductive Health","A category type that represents the results from a home pregnancy test.",,,"HKCategoryValuePregnancyTestResult","15.0","8.0","no","yes","https://developer.apple.com/documentation/healthkit/hkquantitytypeidentifier/pregnancytestresult"
"progesteroneTestResult","HKCategoryTypeIdentifierProgesteroneTestResult","HKCategoryTypeIdentifier","Reproductive Health","A category type that represents the results from a home progesterone test.",,,"HKCategoryValueProgesteroneTestResult","15.0","8.0","no","yes","https://developer.apple.com/documentation/healthkit/hkquantitytypeidentifier/progesteronetestresult"
"prolongedMenstrualPeriods","HKCategoryTypeIdentifierProlongedMenstrualPeriods","HKCategoryTypeIdentifier","Reproductive Health","A category sample that indicates a prolonged menstrual cycle.",,,"HKCategoryValue","16.0","9.0","no","yes","https://developer.apple.com/documentation/healthkit/hkquantitytypeidentifier/prolongedmenstrualperiods"
"sexualActivity","HKCategoryTypeIdentifierSexualActivity","HKCategoryTypeIdentifier","Reproductive Health","A category sample type that records sexual activity.",,,"HKCategoryValue","9.0","2.0","no","yes","https://developer.apple.com/documentation/healthkit/hkquantitytypeidentifier/sexualactivity"
"sleepAnalysis","HKCategoryTypeIdentifierSleepAnalysis","HKCategoryTypeIdentifier","Mindfulness and Sleep","A category sample type for sleep analysis information.",,,"HKCategoryValueSleepAnalysis","8.0","2.0","no","yes","https://developer.apple.com/documentation/healthkit/hkquantitytypeidentifier/sleepanalysis"
"toothbrushingEvent","HKCategoryTypeIdentifierToothbrushingEvent","HKCategoryTypeIdentifier","Self Care","A category sample type for toothbrushing events.",,,"HKCategoryValue","13.0","6.0","no","yes","https://developer.apple.com/documentation/healthkit/hkquantitytypeidentifier/toothbrushingevent"
"activityMoveMode","HKCharacteristicTypeIdentifierActivityMoveMode","HKCharacteristicTypeIdentifier","Characteristic Types","A characteristic identifier for the user’s activity mode.",,,,"14.0","7.0","no","yes","https://developer.apple.com/documentation/healthkit/hkquantitytypeidentifier/activitymovemode"
"biologicalSex","HKCharacteristicTypeIdentifierBiologicalSex","HKCharacteristicTypeIdentifier","Characteristic Types","A characteristic type identifier for the user’s sex.",,,,"8.0","2.0","no","yes","https://developer.apple.com/documentation/healthkit/hkquantitytypeidentifier/biologicalsex"
"bloodType","HKCharacteristicTypeIdentifierBloodType","HKCharacteristicTypeIdentifier","Characteristic Types","A characteristic type identifier for the user’s blood type.",,,,"8.0","2.0","no","yes","https://developer.apple.com/documentation/healthkit/hkquantitytypeidentifier/bloodtype"
"dateOfBirth","HKCharacteristicTypeIdentifierDateOfBirth","HKCharacteristicTypeIdentifier","Characteristic Types","A characteristic type identifier for the user’s date of birth.",,,,"8.0","2.0","no","yes","https://developer.apple.com/documentation/healthkit/hkquantitytypeidentifier/dateofbirth"
"fitzpatrickSkinType","HKCharacteristicTypeIdentifierFitzpatrickSkinType","HKCharacteristicTypeIdentifier","Characteristic Types","A characteristic type identifier for the user’s skin type.",,,,"9.0","2.0","no","yes","https://developer.apple.com/documentation/healthkit/hkquantitytypeidentifier/fitzpatrickskintype"
"wheelchairUse","HKCharacteristicTypeIdentifierWheelchairUse","HKCharacteristicTypeIdentifier","Characteristic Types","A characteristic identifier for the user’s use of a wheelchair.",,,,"10.0","3.0","no","yes","https://developer.apple.com/documentation/healthkit/hkquantitytypeidentifier/wheelchairuse"
"americanFootball","HKWorkoutActivityTypeAmericanFootball","HKWorkoutActivityType","Team sports","The constant for playing American football.",,,,"8.0","2.0","no","yes","https://developer.apple.com/documentation/healthkit/hkquantitytypeidentifier/americanfootball"
"archery","HKWorkoutActivityTypeArchery","HKWorkoutActivityType","Individual sports","The constant for shooting archery.",,,,"8.0","2.0","no","yes","https://developer.apple.com/documentation/healthkit/hkquantitytypeidentifier/archery"
"australianFootball","HKWorkoutActivityTypeAustralianFootball","HKWorkoutActivityType","Team sports","The constant for playing Australian football.",,,,"8.0","2.0","no","yes","https://developer.apple.com/documentation/healthkit/hkquantitytypeidentifier/australianfootball"
"badminton","HKWorkoutActivityTypeBadminton","HKWorkoutActivityType","Racket sports","The constant for playing badminton.",,,,"8.0","2.0","no","yes","https://developer.apple.com/documentation/healthkit/hkquantitytypeidentifier/badminton"
"barre","HKWorkoutActivityTypeBarre","HKWorkoutActivityType","Studio activities","The constant for barre workout.",,,,"10.0","3.0","no","yes","https://developer.apple.com/documentation/healthkit/hkquantitytypeidentifier/barre"
"baseball","HKWorkoutActivityTypeBaseball","HKWorkoutActivityType","Team sports","The constant for playing baseball.",,,,"8.0","2.0","no","yes","https://developer.apple.com/documentation/healthkit/hkquantitytypeidentifier/baseball"
"basketball","HKWorkoutActivityTypeBasketball","HKWorkoutActivityType","Team sports","The constant for playing basketball.",,,,"8.0","2.0","no","yes","https://developer.apple.com/documentation/healthkit/hkquantitytypeidentifier/basketball"
"bowling","HKWorkoutActivityTypeBowling","HKWorkoutActivityType","Individual sports","The constant for bowling.",,,,"8.0","2.0","no","yes","https://developer.apple.com/documentation/healthkit/hkquantitytypeidentifier/bowling"
"boxing","HKWorkoutActivityTypeBoxing","HKWorkoutActivityType","Martial arts","The constant for boxing.",,,,"8.0","2.0","no","yes","https://developer.apple.com/documentation/healthkit/hkquantitytypeidentifier/boxing"
"cardioDance","HKWorkoutActivityTypeCardioDance","HKWorkoutActivityType","Studio activities","The constant for cardiovascular dance workouts.",,,,"14.0","7.0","no","yes","https://developer.apple.com/documentation/healthkit/hkquantitytypeidentifier/cardiodance"
"climbing","HKWorkoutActivityTypeClimbing","HKWorkoutActivityType","Outdoor activities","The constant for climbing.",,,,"8.0","2.0","no","yes","https://developer.apple.com/documentation/healthkit/hkquantitytypeidentifier/climbing"
"cooldown","HKWorkoutActivityTypeCooldown","HKWorkoutActivityType","Exercise and fitness","The constant for low intensity stretching and mobility exercises following a more vigorous workout.",,,,"14.0","7.0","no","yes","https://developer.apple.com/documentation/healthkit/hkquantitytypeidentifier/cooldown"
"coreTraining","HKWorkoutActivityTypeCoreTraining","HKWorkoutActivityType","Exercise and fitness","The constant for core training.",,,,"10.0","3.0","no","yes","https://developer.apple.com/documentation/healthkit/hkquantitytypeidentifier/coretraining"
"cricket","HKWorkoutActivityTypeCricket","HKWorkoutActivityType","Team sports","The constant for playing cricket.",,,,"8.0","2.0","no","yes","https://developer.apple.com/documentation/healthkit/hkquantitytypeidentifier/cricket"
"crossCountrySkiing","HKWorkoutActivityTypeCrossCountrySkiing","HKWorkoutActivityType","Snow and ice sports","The constant for cross country skiing.",,,,"10.0","3.0","no","yes","https://developer.apple.com/documentation/healthkit/hkquantitytypeidentifier/crosscountryskiing"
"crossTraining","HKWorkoutActivityTypeCrossTraining","HKWorkoutActivityType","Exercise and fitness","The constant for exercise that includes any mixture of cardio, strength, and/or flexibility training.",,,,"8.0","2.0","no","yes","https://developer.apple.com/documentation/healthkit/hkquantitytypeidentifier/crosstraining"
"curling","HKWorkoutActivityTypeCurling","HKWorkoutActivityType","Snow and ice sports","The constant for curling.",,,,"8.0","2.0","no","yes","https://developer.apple.com/documentation/healthkit/hkquantitytypeidentifier/curling"
"cycling","HKWorkoutActivityTypeCycling","HKWorkoutActivityType","Exercise and fitness","The constant for cycling.",,,,"8.0","2.0","no","yes","https://developer.apple.com/documentation/healthkit/hkquantitytypeidentifier/cycling"
"dance","HKWorkoutActivityTypeDance","HKWorkoutActivityType","Deprecated activity types","The constant for dancing.",,,,"8.0","2.0","no","yes","https://developer.apple.com/documentation/healthkit/hkquantitytypeidentifier/dance"
"danceInspiredTraining","HKWorkoutActivityTypeDanceInspiredTraining","HKWorkoutActivityType","Deprecated activity types","The constant for workouts inspired by dance, including Pilates, Barre, and Feldenkrais.",,,,"8.0","2.0","no","yes","https://developer.apple.com/documentation/healthkit/hkquantitytypeidentifier/danceinspiredtraining"
"discSports","HKWorkoutActivityTypeDiscSports","HKWorkoutActivityType","Team sports","The constant for playing disc sports such as Ultimate and Disc Golf.",,,,"13.0","6.0","no","yes","https://developer.apple.com/documentation/healthkit/hkquantitytypeidentifier/discsports"
"downhillSkiing","HKWorkoutActivityTypeDownhillSkiing","HKWorkoutActivityType","Snow and ice sports","The constant for downhill skiing.",,,,"10.0","3.0","no","yes","https://developer.apple.com/documentation/healthkit/hkquantitytypeidentifier/downhillskiing"
"elliptical","HKWorkoutActivityTypeElliptical","HKWorkoutActivityType","Exercise and fitness","The constant for workouts on an elliptical machine.",,,,"8.0","2.0","no","yes","https://developer.apple.com/documentation/healthkit/hkquantitytypeidentifier/elliptical"
"equestrianSports","HKWorkoutActivityTypeEquestrianSports","HKWorkoutActivityType","Outdoor activities","The constant for activities that involve riding a horse, including polo, horse racing, and horse riding.",,,,"8.0","2.0","no","yes","https://developer.apple.com/documentation/healthkit/hkquantitytypeidentifier/equestriansports"
"fencing","HKWorkoutActivityTypeFencing","HKWorkoutActivityType","Individual sports","The constant for fencing.",,,,"8.0","2.0","no","yes","https://developer.apple.com/documentation/healthkit/hkquantitytypeidentifier/fencing"
"fishing","HKWorkoutActivityTypeFishing","HKWorkoutActivityType","Outdoor activities","The constant for fishing.",,,,"8.0","2.0","no","yes","https://developer.apple.com/documentation/healthkit/hkquantitytypeidentifier/fishing"
"fitnessGaming","HKWorkoutActivityTypeFitnessGaming","HKWorkoutActivityType","Exercise and fitness","The constant for playing fitness-based video games.",,,,"13.0","6.0","no","yes","https://developer.apple.com/documentation/healthkit/hkquantitytypeidentifier/fitnessgaming"
"flexibility","HKWorkoutActivityTypeFlexibility","HKWorkoutActivityType","Exercise and fitness","The constant for a flexibility workout.",,,,"10.0","3.0","no","yes","https://developer.apple.com/documentation/healthkit/hkquantitytypeidentifier/flexibility"
"functionalStrengthTraining","HKWorkoutActivityTypeFunctionalStrengthTraining","HKWorkoutActivityType","Exercise and fitness","The constant for strength training, primarily with free weights and body weight.",,,,"8.0","2.0","no","yes","https://developer.apple.com/documentation/healthkit/hkquantitytypeidentifier/functionalstrengthtraining"
"golf","HKWorkoutActivityTypeGolf","HKWorkoutActivityType","Outdoor activities","The constant for playing golf.",,,,"8.0","2.0","no","yes","https://developer.apple.com/documentation/healthkit/hkquantitytypeidentifier/golf"
"gymnastics","HKWorkoutActivityTypeGymnastics","HKWorkoutActivityType","Individual sports","Performing gymnastics.",,,,"8.0","2.0","no","yes","https://developer.apple.com/documentation/healthkit/hkquantitytypeidentifier/gymnastics"
"handball","HKWorkoutActivityTypeHandball","HKWorkoutActivityType","Team sports","The constant for playing handball.",,,,"8.0","2.0","no","yes","https://developer.apple.com/documentation/healthkit/hkquantitytypeidentifier/handball"
"handCycling","HKWorkoutActivityTypeHandCycling","HKWorkoutActivityType","Exercise and fitness","The constant for hand cycling.",,,,"11.0","4.0","no","yes","https://developer.apple.com/documentation/healthkit/hkquantitytypeidentifier/handcycling"
"highIntensityIntervalTraining","HKWorkoutActivityTypeHighIntensityIntervalTraining","HKWorkoutActivityType","Exercise and fitness","The constant for high intensity interval training.",,,,"10.0","3.0","no","yes","https://developer.apple.com/documentation/healthkit/hkquantitytypeidentifier/highintensityintervaltraining"
"hiking","HKWorkoutActivityTypeHiking","HKWorkoutActivityType","Outdoor activities","The constant for hiking.",,,,"8.0","2.0","no","yes","https://developer.apple.com/documentation/healthkit/hkquantitytypeidentifier/hiking"
"hockey","HKWorkoutActivityTypeHockey","HKWorkoutActivityType","Team sports","The constant for playing hockey, including ice hockey, field hockey, and related sports.",,,,"8.0","2.0","no","yes","https://developer.apple.com/documentation/healthkit/hkquantitytypeidentifier/hockey"
"hunting","HKWorkoutActivityTypeHunting","HKWorkoutActivityType","Outdoor activities","The constant for hunting.",,,,"8.0","2.0","no","yes","https://developer.apple.com/documentation/healthkit/hkquantitytypeidentifier/hunting"
"jumpRope","HKWorkoutActivityTypeJumpRope","HKWorkoutActivityType","Exercise and fitness","The constant for jumping rope.",,,,"10.0","3.0","no","yes","https://developer.apple.com/documentation/healthkit/hkquantitytypeidentifier/jumprope"
"kickboxing","HKWorkoutActivityTypeKickboxing","HKWorkoutActivityType","Martial arts","The constant for kickboxing.",,,,"10.0","3.0","no","yes","https://developer.apple.com/documentation/healthkit/hkquantitytypeidentifier/kickboxing"
"lacrosse","HKWorkoutActivityTypeLacrosse","HKWorkoutActivityType","Team sports","The constant for playing lacrosse.",,,,"8.0","2.0","no","yes","https://developer.apple.com/documentation/healthkit/hkquantitytypeidentifier/lacrosse"
"martialArts","HKWorkoutActivityTypeMartialArts","HKWorkoutActivityType","Martial arts","The constant for practicing martial arts.",,,,"8.0","2.0","no","yes","https://developer.apple.com/documentation/healthkit/hkquantitytypeidentifier/martialarts"
"mindAndBody","HKWorkoutActivityTypeMindAndBody","HKWorkoutActivityType","Studio activities","The constant for performing activities like walking meditation, Gyrotonic exercise, and Qigong.",,,,"8.0","2.0","no","yes","https://developer.apple.com/documentation/healthkit/hkquantitytypeidentifier/mindandbody"
"mixedCardio","HKWorkoutActivityTypeMixedCardio","HKWorkoutActivityType","Exercise and fitness","The constant for workouts that mix a variety of cardio exercise machines or modalities.",,,,"11.0","4.0","no","yes","https://developer.apple.com/documentation/healthkit/hkquantitytypeidentifier/mixedcardio"
"mixedMetabolicCardioTraining","HKWorkoutActivityTypeMixedMetabolicCardioTraining","HKWorkoutActivityType","Deprecated activity types","The constant for performing any mix of cardio-focused exercises.",,,,"8.0","2.0","no","yes","https://developer.apple.com/documentation/healthkit/hkquantitytypeidentifier/mixedmetaboliccardiotraining"
"other","HKWorkoutActivityTypeOther","HKWorkoutActivityType","Other activities","The constant for a workout that does not match any of the other workout activity types.",,,,"8.0","2.0","no","yes","https://developer.apple.com/documentation/healthkit/hkquantitytypeidentifier/other"
"paddleSports","HKWorkoutActivityTypePaddleSports","HKWorkoutActivityType","Water activities","The constant for canoeing, kayaking, paddling an outrigger, paddling a stand-up paddle board, and related sports.",,,,"8.0","2.0","no","yes","https://developer.apple.com/documentation/healthkit/hkquantitytypeidentifier/paddlesports"
"pickleball","HKWorkoutActivityTypePickleball","HKWorkoutActivityType","Racket sports","The constant for playing pickleball.",,,,"14.0","7.0","no","yes","https://developer.apple.com/documentation/healthkit/hkquantitytypeidentifier/pickleball"
"pilates","HKWorkoutActivityTypePilates","HKWorkoutActivityType","Studio activities","The constant for a pilates workout.",,,,"10.0","3.0","no","yes","https://developer.apple.com/documentation/healthkit/hkquantitytypeidentifier/pilates"
"play","HKWorkoutActivityTypePlay","HKWorkoutActivityType","Outdoor activities","The constant for play-based activities like tag, dodgeball, hopscotch, tetherball, and playing on a jungle gym.",,,,"8.0","2.0","no","yes","https://developer.apple.com/documentation/healthkit/hkquantitytypeidentifier/play"
"preparationAndRecovery","HKWorkoutActivityTypePreparationAndRecovery","HKWorkoutActivityType","Exercise and fitness","The constant for warm-up and therapeutic activities like foam rolling and stretching.",,,,"8.0","2.0","no","yes","https://developer.apple.com/documentation/healthkit/hkquantitytypeidentifier/preparationandrecovery"
"racquetball","HKWorkoutActivityTypeRacquetball","HKWorkoutActivityType","Racket sports","The constant for playing racquetball.",,,,"8.0","2.0","no","yes","https://developer.apple.com/documentation/healthkit/hkquantitytypeidentifier/racquetball"
"rowing","HKWorkoutActivityTypeRowing","HKWorkoutActivityType","Water activities","The constant for rowing.",,,,"8.0","2.0","no","yes","https://developer.apple.com/documentation/healthkit/hkquantitytypeidentifier/rowing"
"rugby","HKWorkoutActivityTypeRugby","HKWorkoutActivityType","Team sports","The constant for playing rugby.",,,,"8.0","2.0","no","yes","https://developer.apple.com/documentation/healthkit/hkquantitytypeidentifier/rugby"
"running","HKWorkoutActivityTypeRunning","HKWorkoutActivityType","Exercise and fitness","The constant for running and jogging.",,,,"8.0","2.0","no","yes","https://developer.apple.com/documentation/healthkit/hkquantitytypeidentifier/running"
"sailing","HKWorkoutActivityTypeSailing","HKWorkoutActivityType","Water activities","The constant for sailing.",,,,"8.0","2.0","no","yes","https://developer.apple.com/documentation/healthkit/hkquantitytypeidentifier/sailing"
"skatingSports","HKWorkoutActivityTypeSkatingSports","HKWorkoutActivityType","Snow and ice sports","The constant for skating activities, including ice skating, speed skating, inline skating, and skateboarding.",,,,"8.0","2.0","no","yes","https://developer.apple.com/documentation/healthkit/hkquantitytypeidentifier/skatingsports"
"snowboarding","HKWorkoutActivityTypeSnowboarding","HKWorkoutActivityType","Snow and ice sports","The constant for snowboarding.",,,,"10.0","3.0","no","yes","https://developer.apple.com/documentation/healthkit/hkquantitytypeidentifier/snowboarding"
"snowSports","HKWorkoutActivityTypeSnowSports","HKWorkoutActivityType","Snow and ice sports","The constant for a variety of snow sports, including sledding, snowmobiling, or building a snowman.",,,,"8.0","2.0","no","yes","https://developer.apple.com/documentation/healthkit/hkquantitytypeidentifier/snowsports"
"soccer","HKWorkoutActivityTypeSoccer","HKWorkoutActivityType","Team sports","The constant for playing soccer.",,,,"8.0","2.0","no","yes","https://developer.apple.com/documentation/healthkit/hkquantitytypeidentifier/soccer"
"socialDance","HKWorkoutActivityTypeSocialDance","HKWorkoutActivityType","Studio activities","The constant for dancing with a partner or partners, such as swing, salsa, or folk dances.",,,,"14.0","7.0","no","yes","https://developer.apple.com/documentation/healthkit/hkquantitytypeidentifier/socialdance"
"softball","HKWorkoutActivityTypeSoftball","HKWorkoutActivityType","Team sports","The constant for playing softball.",,,,"8.0","2.0","no","yes","https://developer.apple.com/documentation/healthkit/hkquantitytypeidentifier/softball"
"squash","HKWorkoutActivityTypeSquash","HKWorkoutActivityType","Racket sports","The constant for playing squash.",,,,"8.0","2.0","no","yes","https://developer.apple.com/documentation/healthkit/hkquantitytypeidentifier/squash"
"stairClimbing","HKWorkoutActivityTypeStairClimbing","HKWorkoutActivityType","Exercise and fitness","The constant for workouts using a stair climbing machine.",,,,"8.0","2.0","no","yes","https://developer.apple.com/documentation/healthkit/hkquantitytypeidentifier/stairclimbing"
"stairs","HKWorkoutActivityTypeStairs","HKWorkoutActivityType","Exercise and fitness","The constant for running, walking, or other drills using stairs (for example, in a stadium or inside a multilevel building).",,,,"10.0","3.0","no","yes","https://developer.apple.com/documentation/healthkit/hkquantitytypeidentifier/stairs"
"stepTraining","HKWorkoutActivityTypeStepTraining","HKWorkoutActivityType","Exercise and fitness","The constant for training using a step bench.",,,,"10.0","3.0","no","yes","https://developer.apple.com/documentation/healthkit/hkquantitytypeidentifier/steptraining"
"surfingSports","HKWorkoutActivityTypeSurfingSports","HKWorkoutActivityType","Water activities","The constant for a variety of surf sports, including surfing, kite surfing, and wind surfing.",,,,"8.0","2.0","no","yes","https://developer.apple.com/documentation/healthkit/hkquantitytypeidentifier/surfingsports"
"swimBikeRun","HKWorkoutActivityTypeSwimBikeRun","HKWorkoutActivityType","Multisport activities","The constant for multisport activities like triathlons.",,,,"16.0","9.0","no","yes","https://developer.apple.com/documentation/healthkit/hkquantitytypeidentifier/swimbikerun"
"swimming","HKWorkoutActivityTypeSwimming","HKWorkoutActivityType","Water activities","The constant for swimming.",,,,"8.0","2.0","no","yes","https://developer.apple.com/documentation/healthkit/hkquantitytypeidentifier/swimming"
"tableTennis","HKWorkoutActivityTypeTableTennis","HKWorkoutActivityType","Racket sports","The constant for playing table tennis.",,,,"8.0","2.0","no","yes","https://developer.apple.com/documentation/healthkit/hkquantitytypeidentifier/tabletennis"
"taiChi","HKWorkoutActivityTypeTaiChi","HKWorkoutActivityType","Martial arts","The constant for tai chi.",,,,"11.0","4.0","no","yes","https://developer.apple.com/documentation/healthkit/hkquantitytypeidentifier/taichi"
"tennis","HKWorkoutActivityTypeTennis","HKWorkoutActivityType","Racket sports","The constant for playing tennis.",,,,"8.0","2.0","no","yes","https://developer.apple.com/documentation/healthkit/hkquantitytypeidentifier/tennis"
"trackAndField","HKWorkoutActivityTypeTrackAndField","HKWorkoutActivityType","Individual sports","Participating in track and field events, including shot put, javelin, pole vaulting, and related sports.",,,,"8.0","2.0","no","yes","https://developer.apple.com/documentation/healthkit/hkquantitytypeidentifier/trackandfield"
"traditionalStrengthTraining","HKWorkoutActivityTypeTraditionalStrengthTraining","HKWorkoutActivityType","Exercise and fitness","The constant for strength training exercises primarily using machines or free weights.",,,,"8.0","2.0","no","yes","https://developer.apple.com/documentation/healthkit/hkquantitytypeidentifier/traditionalstrengthtraining"
"transition","HKWorkoutActivityTypeTransition","HKWorkoutActivityType","Multisport activities","A constant for the transition time between activities in a multisport workout.",,,,"16.0","9.0","no","yes","https://developer.apple.com/documentation/healthkit/hkquantitytypeidentifier/transition"
"underwaterDiving","HKWorkoutActivityTypeUnderwaterDiving","HKWorkoutActivityType","Water activities","The constant for underwater diving.",,,,"17.0","10.0","no","yes","https://developer.apple.com/documentation/healthkit/hkquantitytypeidentifier/underwaterdiving"
"volleyball","HKWorkoutActivityTypeVolleyball","HKWorkoutActivityType","Team sports","The constant for playing volleyball.",,,,"8.0","2.0","no","yes","https://developer.apple.com/documentation/healthkit/hkquantitytypeidentifier/volleyball"
"walking","HKWorkoutActivityTypeWalking","HKWorkoutActivityType","Exercise and fitness","The constant for walking.",,,,"8.0","2.0","no","yes","https://developer.apple.com/documentation/healthkit/hkquantitytypeidentifier/walking"
"waterFitness","HKWorkoutActivityTypeWaterFitness","HKWorkoutActivityType","Water activities","The constant for aerobic exercise performed in shallow water.",,,,"8.0","2.0","no","yes","https://developer.apple.com/documentation/healthkit/hkquantitytypeidentifier/waterfitness"
"waterPolo","HKWorkoutActivityTypeWaterPolo","HKWorkoutActivityType","Water activities","The constant for playing water polo.",,,,"8.0","2.0","no","yes","https://developer.apple.com/documentation/healthkit/hkquantitytypeidentifier/waterpolo"
"waterSports","HKWorkoutActivityTypeWaterSports","HKWorkoutActivityType","Water activities","The constant for a variety of water sports, including water skiing, wake boarding, and related activities.",,,,"8.0","2.0","no","yes","https://developer.apple.com/documentation/healthkit/hkquantitytypeidentifier/watersports"
"wheelchairRunPace","HKWorkoutActivityTypeWheelchairRunPace","HKWorkoutActivityType","Exercise and fitness","The constant for wheelchair workout at running pace.",,,,"10.0","3.0","no","yes","https://developer.apple.com/documentation/healthkit/hkquantitytypeidentifier/wheelchairrunpace"
"wheelchairWalkPace","HKWorkoutActivityTypeWheelchairWalkPace","HKWorkoutActivityType","Exercise and fitness","The constant for a wheelchair workout at walking pace.",,,,"10.0","3.0","no","yes","https://developer.apple.com/documentation/healthkit/hkquantitytypeidentifier/wheelchairwalkpace"
"wrestling","HKWorkoutActivityTypeWrestling","HKWorkoutActivityType","Martial arts","The constant for wrestling.",,,,"8.0","2.0","no","yes","https://developer.apple.com/documentation/healthkit/hkquantitytypeidentifier/wrestling"
"yoga","HKWorkoutActivityTypeYoga","HKWorkoutActivityType","Studio activities","The constant for practicing yoga.",,,,"8.0","2.0","no","yes","https://developer.apple.com/documentation/healthkit/hkquantitytypeidentifier/yoga"